<?xml version="1.0" encoding="UTF-8"?>
<!DOCTYPE VNCLASS SYSTEM "vn_class-3.dtd">
<VNCLASS ID="amalgamate-22.2" xmlns:xsi="http://www.w3.org/2001/XMLSchema-instance" xsi:noNamespaceSchemaLocation="vn_schema-3.xsd">
    <MEMBERS>
        <MEMBER name="intermarry" wn="intermarry%2:41:00" grouping=""/>
    </MEMBERS>
    <THEMROLES>
        <!--Patient is interpreted as Figure, Co-Patient as Ground
        Selectional restriction on Patient is the same as on Co-Patient (could be either concrete or abstract...)-->
        <THEMROLE type="Agent">
            <SELRESTRS logic="or">
                <SELRESTR Value="+" type="animate"/>
                <SELRESTR Value="+" type="machine"/>
            </SELRESTRS>
        </THEMROLE>
        <THEMROLE type="Patient">
            <SELRESTRS/>
        </THEMROLE>
        <THEMROLE type="Co-Patient">
            <SELRESTRS/>
        </THEMROLE>
    </THEMROLES>
    <FRAMES>
        <FRAME>
            <DESCRIPTION descriptionNumber="1.1.1" primary="NP V ADV-Middle PP" secondary="Middle Construction" xtag=""/>
            <EXAMPLES>
                <EXAMPLE>Folk songs alternate well with pop songs.</EXAMPLE>
            </EXAMPLES>
            <SYNTAX>
                <NP value="Patient">
                    <SYNRESTRS/>
                </NP>
                <VERB/>
                <ADV/>
                <PREP value="with">
                    <SELRESTRS/>
                </PREP>
                <NP value="Co-Patient">
                    <SYNRESTRS/>
                </NP>
            </SYNTAX>
            <SEMANTICS>
                <PRED value="property">
                    <ARGS>
                        <ARG type="ThemRole" value="Patient+Co-Patient"/>
                        <ARG type="VerbSpecific" value="Prop"/>
                    </ARGS>
                </PRED>
                <PRED value="Adv">
                    <ARGS>
                        <ARG type="VerbSpecific" value="Prop"/>
                    </ARGS>
                </PRED>
            </SEMANTICS>
        </FRAME>
        <FRAME>
            <DESCRIPTION descriptionNumber="1.1.1" primary="NP V ADV-Middle" secondary="Middle Construction" xtag=""/>
            <EXAMPLES>
                <EXAMPLE>The pieces interconnect easily.</EXAMPLE>
            </EXAMPLES>
            <SYNTAX>
                <NP value="Patient">
                    <SYNRESTRS>
                        <SYNRESTR Value="+" type="plural"/>
                    </SYNRESTRS>
                </NP>
                <VERB/>
                <ADV/>
            </SYNTAX>
            <SEMANTICS>
                <PRED value="property">
                    <ARGS>
                        <ARG type="ThemRole" value="Patient_i+Patient_j"/>
                        <ARG type="VerbSpecific" value="Prop"/>
                    </ARGS>
                </PRED>
                <PRED value="Adv">
                    <ARGS>
                        <ARG type="VerbSpecific" value="Prop"/>
                    </ARGS>
                </PRED>
            </SEMANTICS>
        </FRAME>
    </FRAMES>
    <SUBCLASSES>
        <VNSUBCLASS ID="amalgamate-22.2-1">
            <!--physical, change of integrity of Patients (but note alternate interpretation when both Patients are plural and countable - "mixed eggs and marbles")-->
            <MEMBERS>
                <MEMBER name="couple" wn="couple%2:35:02 couple%2:35:01" grouping="couple.01"/>
                <MEMBER name="incorporate" wn="incorporate%2:30:00 incorporate%2:35:00" grouping="incorporate.01"/>
                <MEMBER name="integrate" wn="integrate%2:30:00 integrate%2:30:01" grouping="integrate.01"/>
                <MEMBER name="match" wn="match%2:35:08" grouping="match.03"/>
                <MEMBER name="overlap" wn="" grouping=""/>
            </MEMBERS>
            <THEMROLES>
                <THEMROLE type="Patient">
                    <SELRESTRS>
                        <SELRESTR Value="+" type="concrete"/>
                    </SELRESTRS>
                </THEMROLE>
                <THEMROLE type="Co-Patient">
                    <SELRESTRS>
                        <SELRESTR Value="+" type="concrete"/>
                    </SELRESTRS>
                </THEMROLE>
            </THEMROLES>
            <FRAMES>
                <FRAME>
                    <DESCRIPTION descriptionNumber="2.5.1" primary="NP V NP PP.co-patient" secondary="NP-PP; into/to/with-PP" xtag=""/>
                    <EXAMPLES>
                        <EXAMPLE>Diabetics can now incorporate sugar into their desserts.</EXAMPLE>
                    </EXAMPLES>
                    <SYNTAX>
                        <NP value="Agent">
                            <SYNRESTRS/>
                        </NP>
                        <VERB/>
                        <NP value="Patient">
                            <SYNRESTRS/>
                        </NP>
                        <PREP value="into to with">
                            <SELRESTRS/>
                        </PREP>
                        <NP value="Co-Patient">
                            <SYNRESTRS/>
                        </NP>
                    </SYNTAX>
                    <SEMANTICS>
                        <PRED value="cause">
                            <ARGS>
                                <ARG type="ThemRole" value="Agent"/>
                                <ARG type="Event" value="E"/>
                            </ARGS>
                        </PRED>
                        <PRED value="degradation_material_integrity">
                            <ARGS>
                                <ARG type="Event" value="result(E)"/>
                                <ARG type="ThemRole" value="Patient"/>
                            </ARGS>
                        </PRED>
                        <PRED value="degradation_material_integrity">
                            <ARGS>
                                <ARG type="Event" value="result(E)"/>
                                <ARG type="ThemRole" value="Co-Patient"/>
                            </ARGS>
                        </PRED>
                        <PRED value="mingled">
                            <ARGS>
                                <ARG type="Event" value="result(E)"/>
                                <ARG type="Constant" value="physical"/>
                                <ARG type="ThemRole" value="Patient"/>
                                <ARG type="ThemRole" value="Co-Patient"/>
                            </ARGS>
                        </PRED>
                    </SEMANTICS>
                </FRAME>
                <FRAME>
                    <DESCRIPTION descriptionNumber="2.5.1" primary="NP V NP" secondary="Simple Reciprocal Transitive" xtag=""/>
                    <EXAMPLES>
                        <EXAMPLE>A new firm will integrate their ice cream production lines.</EXAMPLE>
                    </EXAMPLES>
                    <SYNTAX>
                        <NP value="Agent">
                            <SYNRESTRS/>
                        </NP>
                        <VERB/>
                        <NP value="Patient">
                            <SYNRESTRS>
                                <SYNRESTR Value="+" type="plural"/>
                            </SYNRESTRS>
                        </NP>
                    </SYNTAX>
                    <SEMANTICS>
                        <PRED value="cause">
                            <ARGS>
                                <ARG type="ThemRole" value="Agent"/>
                                <ARG type="Event" value="E"/>
                            </ARGS>
                        </PRED>
                        <PRED value="degradation_material_integrity">
                            <ARGS>
                                <ARG type="Event" value="result(E)"/>
                                <ARG type="ThemRole" value="Patient_i"/>
                            </ARGS>
                        </PRED>
                        <PRED value="degradation_material_integrity">
                            <ARGS>
                                <ARG type="Event" value="result(E)"/>
                                <ARG type="ThemRole" value="Patient_j"/>
                            </ARGS>
                        </PRED>
                        <PRED value="mingled">
                            <ARGS>
                                <ARG type="Event" value="result(E)"/>
                                <ARG type="Constant" value="physical"/>
                                <ARG type="ThemRole" value="Patient_i"/>
                                <ARG type="ThemRole" value="Patient_j"/>
                            </ARGS>
                        </PRED>
                    </SEMANTICS>
                </FRAME>
                <FRAME>
                    <DESCRIPTION descriptionNumber="2.5.4" primary="NP V PP.co-patient" secondary="PP; with-PP" xtag=""/>
                    <EXAMPLES>
                        <EXAMPLE>Ice cream integrates with desserts.</EXAMPLE>
                    </EXAMPLES>
                    <SYNTAX>
                        <NP value="Patient">
                            <SYNRESTRS/>
                        </NP>
                        <VERB/>
                        <PREP value="with">
                            <SELRESTRS/>
                        </PREP>
                        <NP value="Co-Patient">
                            <SYNRESTRS/>
                        </NP>
                    </SYNTAX>
                    <SEMANTICS>
                        <PRED value="degradation_material_integrity">
                            <ARGS>
                                <ARG type="Event" value="result(E)"/>
                                <ARG type="ThemRole" value="Patient"/>
                            </ARGS>
                        </PRED>
                        <PRED value="degradation_material_integrity">
                            <ARGS>
                                <ARG type="Event" value="result(E)"/>
                                <ARG type="ThemRole" value="Co-Patient"/>
                            </ARGS>
                        </PRED>
                        <PRED value="mingled">
                            <ARGS>
                                <ARG type="Event" value="result(E)"/>
                                <ARG type="Constant" value="physical"/>
                                <ARG type="ThemRole" value="Patient"/>
                                <ARG type="ThemRole" value="Co-Patient"/>
                            </ARGS>
                        </PRED>
                    </SEMANTICS>
                </FRAME>
            </FRAMES>
            <SUBCLASSES>
                <VNSUBCLASS ID="amalgamate-22.2-1-1">
                    <!--physical, change of integrity of Patients (but note alternate interpretation when both Patients are plural and countable - "mixed eggs and marbles")-->
                    <MEMBERS>
                        <MEMBER name="amalgamate" wn="amalgamate%2:35:00" grouping=""/>
                        <MEMBER name="coalesce" wn="coalesce%2:30:00 coalesce%2:35:00" grouping=""/>
                        <MEMBER name="consolidate" wn="consolidate%2:30:00 consolidate%2:30:01 consolidate%2:30:04 consolidate%2:30:03" grouping="consolidate.01 consolidate.02"/>
                        <MEMBER name="intermingle" wn="intermingle%2:35:00" grouping=""/>
                    </MEMBERS>
                    <THEMROLES/>
                    <FRAMES>
                        <FRAME>
                            <DESCRIPTION descriptionNumber="2.5.4" primary="NP V" secondary="Simple Reciprocal Intransitive" xtag=""/>
                            <EXAMPLES>
                                <EXAMPLE>The yolks and the whites intermingled.</EXAMPLE>
                            </EXAMPLES>
                            <SYNTAX>
                                <NP value="Patient">
                                    <SYNRESTRS>
                                        <SYNRESTR Value="+" type="plural"/>
                                    </SYNRESTRS>
                                </NP>
                                <VERB/>
                            </SYNTAX>
                            <SEMANTICS>
                                <PRED value="degradation_material_integrity">
                                    <ARGS>
                                        <ARG type="Event" value="result(E)"/>
                                        <ARG type="ThemRole" value="Patient_i"/>
                                    </ARGS>
                                </PRED>
                                <PRED value="degradation_material_integrity">
                                    <ARGS>
                                        <ARG type="Event" value="result(E)"/>
                                        <ARG type="ThemRole" value="Patient_j"/>
                                    </ARGS>
                                </PRED>
                                <PRED value="mingled">
                                    <ARGS>
                                        <ARG type="Event" value="result(E)"/>
                                        <ARG type="Constant" value="physical"/>
                                        <ARG type="ThemRole" value="Patient_i"/>
                                        <ARG type="ThemRole" value="Patient_j"/>
                                    </ARGS>
                                </PRED>
                            </SEMANTICS>
                        </FRAME>
                    </FRAMES>
                    <SUBCLASSES/>
                </VNSUBCLASS>
            </SUBCLASSES>
        </VNSUBCLASS>
        <VNSUBCLASS ID="amalgamate-22.2-2">
            <!--physical, no change of integrity of Patients-->
            <MEMBERS>
                <MEMBER name="conjoin" wn="conjoin%2:35:00" grouping=""/>
                <MEMBER name="entangle" wn="entangle%2:42:00" grouping=""/>
                <MEMBER name="muddle" wn="muddle%2:31:00" grouping=""/>
                <MEMBER name="pair" wn="pair%2:41:00 pair%2:35:01 pair%2:35:00" grouping="pair.01"/>
                <MEMBER name="team" wn="team%2:33:00" grouping="team.01"/>
                <MEMBER name="affiliate" wn="affiliate%2:41:00 affiliate%2:41:12" grouping="affiliate.01"/>
                <MEMBER name="associate" wn="associate%2:31:00 associate%2:41:02 associate%2:41:00" grouping="associate.01 associate.02"/>
                <MEMBER name="compare" wn="compare%2:31:00 compare%2:42:00 compare%2:31:01" grouping="compare.01 compare.02"/>
                <MEMBER name="confederate" wn="confederate%2:41:00 confederate%2:41:10" grouping=""/>
                <MEMBER name="confuse" wn="confuse%2:31:02 confuse%2:36:00" grouping="confuse.01 confuse.03"/>
                <MEMBER name="incorporate" wn="incorporate%2:30:00 incorporate%2:35:00" grouping="incorporate.01"/>
                <MEMBER name="integrate" wn="integrate%2:30:00 integrate%2:30:01" grouping="integrate.01"/>
                <MEMBER name="total" wn="?total%2:42:00 total%2:32:00" grouping="total.01"/>
                <MEMBER name="identity" wn="" grouping=""/>
            </MEMBERS>
            <THEMROLES>
                <THEMROLE type="Patient">
                    <SELRESTRS>
                        <SELRESTR Value="+" type="concrete"/>
                    </SELRESTRS>
                </THEMROLE>
                <THEMROLE type="Co-Patient">
                    <SELRESTRS logic="or">
                        <SELRESTR Value="+" type="animate"/>
                        <SELRESTR Value="+" type="abstract"/>
                    </SELRESTRS>
                </THEMROLE>
                <THEMROLE type="Agent">
                    <SELRESTRS logic="or">
                        <SELRESTR Value="+" type="animate"/>
                        <SELRESTR Value="+" type="abstract"/>
                    </SELRESTRS>
                </THEMROLE>
            </THEMROLES>
            <FRAMES>
                <FRAME>
                    <DESCRIPTION descriptionNumber="2.5.1" primary="NP V NP PP.co-patient" secondary="NP-PP; to-PP" xtag=""/>
                    <EXAMPLES>
                        <EXAMPLE>The merger associated company A with company B.</EXAMPLE>
                    </EXAMPLES>
                    <SYNTAX>
                        <NP value="Agent">
                            <SYNRESTRS/>
                        </NP>
                        <VERB/>
                        <NP value="Patient">
                            <SYNRESTRS/>
                        </NP>
                        <PREP value="with">
                            <SELRESTRS/>
                        </PREP>
                        <NP value="Co-Patient">
                            <SYNRESTRS/>
                        </NP>
                    </SYNTAX>
                    <SEMANTICS>
                        <PRED value="cause">
                            <ARGS>
                                <ARG type="ThemRole" value="Agent"/>
                                <ARG type="Event" value="E"/>
                            </ARGS>
                        </PRED>
                        <PRED value="together">
                            <ARGS>
                                <ARG type="Event" value="end(E)"/>
                                <ARG type="Constant" value="physical"/>
                                <ARG type="ThemRole" value="Patient"/>
                                <ARG type="ThemRole" value="Co-Patient"/>
                            </ARGS>
                        </PRED>
                    </SEMANTICS>
                </FRAME>
                <FRAME>
                    <DESCRIPTION descriptionNumber="2.5.1" primary="NP V NP" secondary="Simple Reciprocal Transitive" xtag=""/>
                    <EXAMPLES>
                        <EXAMPLE>The merger associated the two companies.</EXAMPLE>
                    </EXAMPLES>
                    <SYNTAX>
                        <NP value="Agent">
                            <SYNRESTRS/>
                        </NP>
                        <VERB/>
                        <NP value="Patient">
                            <SYNRESTRS>
                                <SYNRESTR Value="+" type="plural"/>
                            </SYNRESTRS>
                        </NP>
                    </SYNTAX>
                    <SEMANTICS>
                        <PRED value="cause">
                            <ARGS>
                                <ARG type="ThemRole" value="Agent"/>
                                <ARG type="Event" value="E"/>
                            </ARGS>
                        </PRED>
                        <PRED value="together">
                            <ARGS>
                                <ARG type="Event" value="end(E)"/>
                                <ARG type="Constant" value="physical"/>
                                <ARG type="ThemRole" value="Patient_i"/>
                                <ARG type="ThemRole" value="Patient_j"/>
                            </ARGS>
                        </PRED>
                    </SEMANTICS>
                </FRAME>
                <FRAME>
                    <DESCRIPTION descriptionNumber="2.5.4" primary="NP V PP" secondary="Simple Reciprocal Intransitive" xtag=""/>
                    <EXAMPLES>
                        <EXAMPLE>Company A associated with Company B.</EXAMPLE>
                    </EXAMPLES>
                    <SYNTAX>
                        <NP value="Patient">
                            <SYNRESTRS/>
                        </NP>
                        <VERB/>
                        <PREP value="with">
                            <SELRESTRS/>
                        </PREP>
                        <NP value="Co-Patient">
                            <SYNRESTRS/>
                        </NP>
                    </SYNTAX>
                    <SEMANTICS>
                        <PRED value="together">
                            <ARGS>
                                <ARG type="Event" value="end(E)"/>
                                <ARG type="Constant" value="physical"/>
                                <ARG type="ThemRole" value="Patient"/>
                                <ARG type="ThemRole" value="Co-Patient"/>
                            </ARGS>
                        </PRED>
                    </SEMANTICS>
                </FRAME>
            </FRAMES>
            <SUBCLASSES>
                <VNSUBCLASS ID="amalgamate-22.2-2-1">
                    <!--physical, no change of integrity of Patients-->
                    <MEMBERS>
                        <MEMBER name="alternate" wn="alternate%2:30:01 alternate%2:30:02 alternate%2:30:00" grouping="alternate.01 alternate.03"/>
                        <MEMBER name="crisscross" wn="crisscross%2:38:00" grouping=""/>
                        <MEMBER name="entwine" wn="entwine%2:36:00 entwine%2:35:00" grouping=""/>
                        <MEMBER name="interchange" wn="interchange%2:40:00 interchange%2:30:01 interchange%2:30:00" grouping="interchange.02 interchange.03"/>
                        <MEMBER name="interconnect" wn="interconnect%2:42:00 interconnect%2:35:01" grouping=""/>
                        <MEMBER name="interlace" wn="interlace%2:35:00" grouping=""/>
                        <MEMBER name="interlink" wn="interlink%2:42:00 interlink%2:35:01" grouping=""/>
                        <MEMBER name="interlock" wn="?interlock%2:30:00 ?interlock%2:35:00" grouping=""/>
                        <MEMBER name="intersperse" wn="intersperse%2:35:02" grouping=""/>
                        <MEMBER name="intertwine" wn="intertwine%2:35:00" grouping=""/>
                        <MEMBER name="interweave" wn="interweave%2:35:00" grouping=""/>
                        <MEMBER name="mate" wn="mate%2:35:00 mate%2:35:02" grouping="mate.01 mate.02"/>
                        <MEMBER name="unite" wn="unite%2:30:00 ?unite%2:42:01 unite%2:42:02 unite%2:30:02" grouping="unite.01"/>
                        <MEMBER name="coalesce" wn="coalesce%2:30:00" grouping=""/>
                        <MEMBER name="coincide" wn="coincide%2:30:00" grouping="coincide.01"/>
                        <MEMBER name="conflate" wn="conflate%2:30:00" grouping=""/>
                        <MEMBER name="consolidate" wn="consolidate%2:30:00 consolidate%2:30:01" grouping="consolidate.01"/>
                        <MEMBER name="contrast" wn="contrast%2:42:00" grouping="contrast.01"/>
                        <MEMBER name="correlate" wn="correlate%2:42:00 correlate%2:31:00" grouping="correlate.01"/>
                        <MEMBER name="harmonize" wn="harmonize%2:42:00" grouping=""/>
                        <MEMBER name="intermingle" wn="intermingle%2:35:00" grouping=""/>
                        <MEMBER name="interrelate" wn="interrelate%2:31:00" grouping=""/>
                        <MEMBER name="repackage" wn="" grouping=""/>
                        <MEMBER name="rhyme" wn="rhyme%2:42:00" grouping=""/>
                        <MEMBER name="unify" wn="unify%2:35:00 unify%2:30:01" grouping="unify.01"/>
                    </MEMBERS>
                    <THEMROLES/>
                    <FRAMES>
                        <FRAME>
                            <DESCRIPTION descriptionNumber="2.5.4" primary="NP V" secondary="Simple Reciprocal Intransitive" xtag=""/>
                            <EXAMPLES>
                                <EXAMPLE>Plays and ballets alternate.</EXAMPLE>
                            </EXAMPLES>
                            <SYNTAX>
                                <NP value="Patient">
                                    <SYNRESTRS>
                                        <SYNRESTR Value="+" type="plural"/>
                                    </SYNRESTRS>
                                </NP>
                                <VERB/>
                            </SYNTAX>
                            <SEMANTICS>
                                <PRED value="together">
                                    <ARGS>
                                        <ARG type="Event" value="end(E)"/>
                                        <ARG type="Constant" value="physical"/>
                                        <ARG type="ThemRole" value="Patient_i"/>
                                        <ARG type="ThemRole" value="Patient_j"/>
                                    </ARGS>
                                </PRED>
                            </SEMANTICS>
                        </FRAME>
                    </FRAMES>
                    <SUBCLASSES/>
                </VNSUBCLASS>
            </SUBCLASSES>
        </VNSUBCLASS>
        <VNSUBCLASS ID="amalgamate-22.2-3">
            <MEMBERS>
                <MEMBER name="oppose" wn="oppose%2:33:00" grouping="oppose.02"/>
            </MEMBERS>
            <THEMROLES/>
            <FRAMES>
                <FRAME>
                    <DESCRIPTION descriptionNumber="2.5.1" primary="NP V NP" secondary="Simple Reciprocal Transitive" xtag=""/>
                    <EXAMPLES>
                        <EXAMPLE>John opposed the two ideas.</EXAMPLE>
                    </EXAMPLES>
                    <SYNTAX>
                        <NP value="Agent">
                            <SYNRESTRS/>
                        </NP>
                        <VERB/>
                        <NP value="Patient">
                            <SYNRESTRS>
                                <SYNRESTR Value="+" type="plural"/>
                            </SYNRESTRS>
                        </NP>
                    </SYNTAX>
                    <SEMANTICS>
                        <PRED value="cause">
                            <ARGS>
                                <ARG type="ThemRole" value="Agent"/>
                                <ARG type="Event" value="E"/>
                            </ARGS>
                        </PRED>
                        <PRED value="together">
                            <ARGS>
                                <ARG type="Event" value="end(E)"/>
                                <ARG type="Constant" value="abstract/physical"/>
                                <ARG type="ThemRole" value="Patient_i"/>
                                <ARG type="ThemRole" value="Patient_j"/>
                            </ARGS>
                        </PRED>
                    </SEMANTICS>
                </FRAME>
            </FRAMES>
            <SUBCLASSES>
                <VNSUBCLASS ID="amalgamate-22.2-3-1">
                    <MEMBERS>
                        <MEMBER name="introduce" wn="introduce%2:32:00 introduce%2:36:00 introduce%2:38:00 introduce%2:35:00" grouping="introduce.01 introduce.02 introduce.03"/>
                        <MEMBER name="figure" wn="" grouping=""/>
                    </MEMBERS>
                    <THEMROLES/>
                    <FRAMES>
                        <FRAME>
                            <DESCRIPTION descriptionNumber="2.5.1" primary="NP V NP PP.co-patient" secondary="NP-PP; to-PP" xtag=""/>
                            <EXAMPLES>
                                <EXAMPLE>John introduced Mary to me.</EXAMPLE>
                            </EXAMPLES>
                            <SYNTAX>
                                <NP value="Agent">
                                    <SYNRESTRS/>
                                </NP>
                                <VERB/>
                                <NP value="Patient">
                                    <SYNRESTRS/>
                                </NP>
                                <PREP value="to">
                                    <SELRESTRS/>
                                </PREP>
                                <NP value="Co-Patient">
                                    <SYNRESTRS/>
                                </NP>
                            </SYNTAX>
                            <SEMANTICS>
                                <PRED value="cause">
                                    <ARGS>
                                        <ARG type="ThemRole" value="Agent"/>
                                        <ARG type="Event" value="E"/>
                                    </ARGS>
                                </PRED>
                                <PRED value="together">
                                    <ARGS>
                                        <ARG type="Event" value="end(E)"/>
                                        <ARG type="Constant" value="abstract/physical"/>
                                        <ARG type="ThemRole" value="Patient"/>
                                        <ARG type="ThemRole" value="Co-Patient"/>
                                    </ARGS>
                                </PRED>
                            </SEMANTICS>
                        </FRAME>
                    </FRAMES>
                    <SUBCLASSES>
                        <VNSUBCLASS ID="amalgamate-22.2-3-1-1">
                            <MEMBERS>
                                <MEMBER name="marry" wn="marry%2:41:00 marry%2:41:01" grouping="marry.01 marry.02"/>
                                <MEMBER name="remarry" wn="remarry%2:41:00" grouping=""/>
                                <MEMBER name="wed" wn="wed%2:41:00 wed%2:41:01" grouping="wed.01"/>
                            </MEMBERS>
                            <THEMROLES>
                                <THEMROLE type="Agent">
                                    <SELRESTRS>
                                        <SELRESTR Value="+" type="animate"/>
                                    </SELRESTRS>
                                </THEMROLE>
                                <THEMROLE type="Patient">
                                    <SELRESTRS>
                                        <SELRESTR Value="+" type="animate"/>
                                    </SELRESTRS>
                                </THEMROLE>
                                <THEMROLE type="Co-Patient">
                                    <SELRESTRS>
                                        <SELRESTR Value="+" type="animate"/>
                                    </SELRESTRS>
                                </THEMROLE>
                            </THEMROLES>
                            <FRAMES>
                                <FRAME>
                                    <DESCRIPTION descriptionNumber="2.5.4" primary="NP V" secondary="Simple Reciprocal Intransitive" xtag=""/>
                                    <EXAMPLES>
                                        <EXAMPLE>John and Mary married.</EXAMPLE>
                                    </EXAMPLES>
                                    <SYNTAX>
                                        <NP value="Patient">
                                            <SYNRESTRS>
                                                <SYNRESTR Value="+" type="plural"/>
                                            </SYNRESTRS>
                                        </NP>
                                        <VERB/>
                                    </SYNTAX>
                                    <SEMANTICS>
                                        <PRED value="together">
                                            <ARGS>
                                                <ARG type="Event" value="end(E)"/>
                                                <ARG type="Constant" value="abstract/physical"/>
                                                <ARG type="ThemRole" value="Patient_i"/>
                                                <ARG type="ThemRole" value="Patient_j"/>
                                            </ARGS>
                                        </PRED>
                                    </SEMANTICS>
                                </FRAME>
                            </FRAMES>
                            <SUBCLASSES/>
                        </VNSUBCLASS>
                    </SUBCLASSES>
                </VNSUBCLASS>
                <VNSUBCLASS ID="amalgamate-22.2-3-2">
                    <MEMBERS>
                        <MEMBER name="engage" wn="engage%2:32:00"
                        grouping="engage.03"/>
                    </MEMBERS>
                    <THEMROLES>
                        <THEMROLE type="Agent">
                            <SELRESTRS/>
                        </THEMROLE>
                        <THEMROLE type="Patient">
                            <SELRESTRS>
                                <SELRESTR Value="+" type="concrete"/>
                            </SELRESTRS>
                        </THEMROLE>
                        <THEMROLE type="Co-Patient">
                            <SELRESTRS>
                                <SELRESTR Value="+" type="concrete"/>
                            </SELRESTRS>
                        </THEMROLE>
                    </THEMROLES>
                    <FRAMES>
                        <FRAME>
                            <DESCRIPTION descriptionNumber="2.5.4" primary="NP V" secondary="Simple Reciprocal Intransitive" xtag=""/>
                            <EXAMPLES>
                                <EXAMPLE>John and Mary are engaged.</EXAMPLE>
                            </EXAMPLES>
                            <SYNTAX>
                                <NP value="Patient">
                                    <SYNRESTRS>
                                        <SYNRESTR Value="+" type="plural"/>
                                    </SYNRESTRS>
                                </NP>
                                <VERB/>
                            </SYNTAX>
                            <SEMANTICS>
                                <PRED value="together">
                                    <ARGS>
                                        <ARG type="Event" value="end(E)"/>
                                        <ARG type="Constant" value="physical"/>
                                        <ARG type="ThemRole" value="Patient_i"/>
                                        <ARG type="ThemRole" value="Patient_j"/>
                                    </ARGS>
                                </PRED>
                            </SEMANTICS>
                        </FRAME>
                    </FRAMES>
                    <SUBCLASSES/>
                </VNSUBCLASS>
            </SUBCLASSES>
        </VNSUBCLASS>
    </SUBCLASSES>
</VNCLASS>
