<?xml version="1.0" encoding="UTF-8"?>
<!DOCTYPE VNCLASS SYSTEM "vn_class-3.dtd">
<VNCLASS ID="amuse-31.1" xmlns:xsi="http://www.w3.org/2001/XMLSchema-instance" xsi:noNamespaceSchemaLocation="vn_schema-3.xsd">
    <MEMBERS>
        <MEMBER name="abash" wn="abash%2:37:00" grouping=""/>
        <MEMBER name="affect" wn="affect%2:37:00" grouping="affect.02"/>
        <MEMBER name="afflict" wn="afflict%2:37:00" grouping="afflict.01"/>
        <MEMBER name="affront" wn="affront%2:32:00" grouping=""/>
        <MEMBER name="aggravate" wn="aggravate%2:37:00" grouping="aggravate.01"/>
        <MEMBER name="aggrieve" wn="" grouping=""/>
        <MEMBER name="agitate" wn="agitate%2:37:00" grouping="agitate.01"/>
        <MEMBER name="agonize" wn="agonize%2:37:01 agonize%2:37:00" grouping=""/>
        <MEMBER name="alarm" wn="alarm%2:37:00" grouping="alarm.01 alarm.02"/>
        <MEMBER name="alienate" wn="alienate%2:37:00" grouping="alienate.01"/>
        <MEMBER name="amaze" wn="amaze%2:31:00 amaze%2:31:01" grouping="amaze.01"/>
        <MEMBER name="amuse" wn="amuse%2:41:00 amuse%2:32:00" grouping="amuse.01"/>
        <MEMBER name="anger" wn="anger%2:37:00 anger%2:37:01" grouping="anger.01"/>
        <MEMBER name="annoy" wn="annoy%2:37:00" grouping=""/>
        <MEMBER name="antagonize" wn="antagonize%2:41:00" grouping=""/>
        <MEMBER name="appall" wn="appall%2:37:00 appall%2:37:10" grouping="appall.01"/>
        <MEMBER name="appease" wn="appease%2:37:00" grouping="appease.01"/>
        <MEMBER name="arouse" wn="arouse%2:29:00 arouse%2:37:01" grouping="arouse.02 arouse.03"/>
        <MEMBER name="assuage" wn="assuage%2:37:00" grouping=""/>
        <MEMBER name="astonish" wn="astonish%2:31:00" grouping=""/>
        <MEMBER name="astound" wn="astound%2:31:00" grouping=""/>
        <MEMBER name="awe" wn="awe%2:37:00" grouping=""/>
        <MEMBER name="baffle" wn="baffle%2:31:00" grouping="baffle.01"/>
        <MEMBER name="befuddle" wn="" grouping=""/>
        <MEMBER name="beguile" wn="beguile%2:41:00 beguile%2:37:00" grouping=""/>
        <MEMBER name="bewilder" wn="bewilder%2:31:00 bewilder%2:37:00" grouping=""/>
        <MEMBER name="bewitch" wn="bewitch%2:37:00 bewitch%2:32:00" grouping="bewitch.01"/>
        <MEMBER name="boggle" wn="boggle%2:38:00 boggle%2:31:00" grouping="boggle.01 boggle.02"/>
        <MEMBER name="bore" wn="bore%2:37:00" grouping=""/>
        <MEMBER name="bother" wn="bother%2:37:00 bother%2:37:03 bother%2:37:02" grouping="bother.02"/>
        <MEMBER name="browbeat" wn="browbeat%2:37:00 browbeat%2:32:00" grouping=""/>
        <MEMBER name="bug" wn="bug%2:37:00" grouping="bug.01"/>
        <MEMBER name="calm" wn="calm%2:37:00" grouping="calm.01"/>
        <MEMBER name="captivate" wn="captivate%2:37:00" grouping=""/>
        <MEMBER name="chagrin" wn="chagrin%2:37:01" grouping=""/>
        <MEMBER name="charm" wn="charm%2:37:00" grouping="charm.01"/>
        <MEMBER name="cheer" wn="cheer%2:32:03 cheer%2:32:00" grouping="cheer.01 cheer.02"/>
        <MEMBER name="chill" wn="chill%2:37:00" grouping="chill.01"/>
        <MEMBER name="cloy" wn="cloy%2:40:00" grouping=""/>
        <MEMBER name="comfort" wn="comfort%2:37:01" grouping="comfort.01"/>
        <MEMBER name="concern" wn="concern%2:42:01" grouping="concern.02"/>
        <MEMBER name="confound" wn="confound%2:31:02" grouping=""/>
        <MEMBER name="confuse" wn="confuse%2:31:03 confuse%2:37:00" grouping="confuse.02"/>
        <MEMBER name="console" wn="console%2:37:00" grouping=""/>
        <MEMBER name="content" wn="content%2:37:00" grouping=""/>
        <MEMBER name="convince" wn="convince%2:32:00" grouping="convince.01"/>
        <MEMBER name="cow" wn="cow%2:37:00" grouping=""/>
        <MEMBER name="crush" wn="crush%2:37:00" grouping="crush.03"/>
        <MEMBER name="cut" wn="" grouping=""/>
        <MEMBER name="daunt" wn="daunt%2:37:00" grouping=""/>
        <MEMBER name="daze" wn="daze%2:39:00" grouping=""/>
        <MEMBER name="dazzle" wn="dazzle%2:31:00" grouping=""/>
        <MEMBER name="deject" wn="deject%2:37:00" grouping=""/>
        <MEMBER name="delight" wn="delight%2:37:00 delight%2:37:02" grouping="delight.01"/>
        <MEMBER name="demolish" wn="demolish%2:37:00" grouping="demolish.02"/>
        <MEMBER name="demoralize" wn="demoralize%2:37:00" grouping="demoralize.02"/>
        <MEMBER name="depress" wn="depress%2:37:00" grouping="depress.01"/>
        <MEMBER name="devastate" wn="devastate%2:30:01" grouping="devastate.02"/>
        <MEMBER name="disappoint" wn="disappoint%2:37:00" grouping="disappoint.01"/>
        <MEMBER name="disarm" wn="disarm%2:37:00" grouping="disarm.02"/>
        <MEMBER name="discombobulate" wn="discombobulate%2:37:00 discombobulate%2:31:00" grouping=""/>
        <MEMBER name="discomfit" wn="discomfit%2:37:00" grouping=""/>
        <MEMBER name="disconcert" wn="disconcert%2:37:02 disconcert%2:37:01" grouping=""/>
        <MEMBER name="discompose" wn="discompose%2:37:00" grouping=""/>
        <MEMBER name="discourage" wn="discourage%2:37:00" grouping="discourage.01"/>
        <MEMBER name="disgrace" wn="disgrace%2:41:00 disgrace%2:37:00" grouping="disgrace.01"/>
        <MEMBER name="disgruntle" wn="disgruntle%2:37:00" grouping=""/>
        <MEMBER name="disgust" wn="disgust%2:39:00 disgust%2:37:00" grouping="disgust.01"/>
        <MEMBER name="dishearten" wn="dishearten%2:37:00" grouping=""/>
        <MEMBER name="dishonour" wn="dishonour%1:26:00" grouping="dishonour.01"/>
        <MEMBER name="disillusion" wn="disillusion%2:37:00" grouping=""/>
        <MEMBER name="dismay" wn="dismay%2:37:01 dismay%2:37:00" grouping=""/>
        <MEMBER name="dispirit" wn="dispirit%2:37:00" grouping=""/>
        <MEMBER name="displease" wn="displease%2:37:00" grouping=""/>
        <MEMBER name="disquiet" wn="disquiet%2:37:00" grouping=""/>
        <MEMBER name="dissatisfy" wn="dissatisfy%2:37:00" grouping=""/>
        <MEMBER name="distract" wn="distract%2:37:02" grouping="distract.01"/>
        <MEMBER name="distress" wn="distress%2:37:00" grouping=""/>
        <MEMBER name="disturb" wn="disturb%2:37:00" grouping="disturb.02"/>
        <MEMBER name="divert" wn="" grouping="divert.02"/>
        <MEMBER name="dumbfound" wn="dumbfound%2:31:00" grouping=""/>
        <MEMBER name="elate" wn="elate%2:37:00" grouping=""/>
        <MEMBER name="electrify" wn="electrify%2:37:00" grouping="electrify.01"/>
        <MEMBER name="embarrass" wn="embarrass%2:37:00" grouping="embarrass.01"/>
        <MEMBER name="embolden" wn="embolden%2:37:00" grouping=""/>
        <MEMBER name="enchant" wn="enchant%2:37:01" grouping="enchant.01"/>
        <MEMBER name="encourage" wn="encourage%2:37:00" grouping="encourage.02"/>
        <MEMBER name="enervate" wn="" grouping=""/>
        <MEMBER name="enflame" wn="" grouping=""/> 
        <MEMBER name="engage" wn="engage%2:31:00" grouping="engage.01"/>
        <MEMBER name="engross" wn="engross%2:31:02 engross%2:31:00" grouping=""/>
        <MEMBER name="enlighten" wn="enlighten%2:32:01" grouping="enlighten.02"/>
        <MEMBER name="enliven" wn="" grouping=""/>
        <MEMBER name="enrage" wn="enrage%2:37:00" grouping=""/>
        <MEMBER name="enrapture" wn="enrapture%2:37:00" grouping=""/>
        <MEMBER name="entertain" wn="entertain%2:41:00" grouping="entertain.01"/>
        <MEMBER name="enthrall" wn="enthrall%2:37:00" grouping=""/>
        <MEMBER name="enthuse" wn="enthuse%2:37:00" grouping=""/>
        <MEMBER name="entice" wn="entice%2:32:00" grouping="entice.01"/>
        <MEMBER name="entrance" wn="entrance%2:37:00" grouping=""/>
        <MEMBER name="exasperate" wn="exasperate%2:37:00 exasperate%2:37:01" grouping="exasperate.01"/>
        <MEMBER name="excite" wn="excite%2:37:02 excite%2:37:03 excite%2:37:01 excite%2:37:00" grouping="excite.01"/>
        <MEMBER name="exhaust" wn="exhaust%2:29:00" grouping="exhaust.01"/>
        <MEMBER name="exhilarate" wn="exhilarate%2:37:00" grouping=""/>
        <MEMBER name="fascinate" wn="fascinate%2:42:00 fascinate%2:37:01" grouping="fascinate.01"/>
        <MEMBER name="fatigue" wn="" grouping=""/>
        <MEMBER name="faze" wn="faze%2:37:00" grouping=""/>
        <MEMBER name="flabbergast" wn="flabbergast%2:31:00" grouping=""/>
        <MEMBER name="flatter" wn="flatter%2:32:00" grouping=""/>
        <MEMBER name="floor" wn="floor%2:37:00" grouping=""/>
        <MEMBER name="flummox" wn="flummox%2:31:00" grouping=""/>
        <MEMBER name="fluster" wn="fluster%2:37:01 fluster%2:37:00" grouping=""/>
        <MEMBER name="fox" wn="fox%2:31:00" grouping="fox.01"/>
        <MEMBER name="frighten" wn="frighten%2:37:00" grouping="frighten.01"/>
        <MEMBER name="frustrate" wn="frustrate%2:37:00" grouping="frustrate.01"/>
        <MEMBER name="fuddle" wn="fuddle%2:31:00" grouping="fuddle.02"/>
        <MEMBER name="gall" wn="gall%2:37:00" grouping=""/>
        <MEMBER name="galvanize" wn="galvanize%2:37:00" grouping="galvanize.01"/>
        <MEMBER name="gladden" wn="gladden%2:37:01 gladden%2:37:00" grouping=""/>
        <MEMBER name="gratify" wn="gratify%2:37:00 gratify%2:34:00" grouping=""/>
        <MEMBER name="grieve" wn="grieve%2:37:01" grouping=""/>
        <MEMBER name="harass" wn="harass%2:37:00" grouping="harass.01"/>
        <MEMBER name="harm" wn="" grouping="harm.01"/>
        <MEMBER name="haunt" wn="haunt%2:37:00" grouping="haunt.01"/>
        <MEMBER name="hearten" wn="hearten%2:37:00" grouping=""/>
        <MEMBER name="horrify" wn="horrify%2:37:01" grouping=""/>
        <MEMBER name="humble" wn="humble%2:37:01 humble%2:37:00" grouping=""/>
        <MEMBER name="humiliate" wn="humiliate%2:37:00" grouping=""/>
        <MEMBER name="hurt" wn="hurt%2:30:04" grouping="hurt.02"/>
        <MEMBER name="hypnotize" wn="" grouping=""/>
        <MEMBER name="impair" wn="" grouping=""/>
        <MEMBER name="impress" wn="impress%2:37:01 impress%2:37:00 impress%2:31:00" grouping="impress.01"/>
        <MEMBER name="incense" wn="incense%2:37:01" grouping=""/>
        <MEMBER name="inflame" wn="" grouping=""/>
        <MEMBER name="infuriate" wn="infuriate%2:37:00" grouping=""/>
        <MEMBER name="inspire" wn="inspire%2:32:00" grouping="inspire.01"/>
        <MEMBER name="insult" wn="insult%2:32:00" grouping=""/>
        <MEMBER name="interest" wn="interest%2:37:00" grouping="interest.01"/>
        <MEMBER name="intimidate" wn="intimidate%2:37:00" grouping="intimidate.01"/>
        <MEMBER name="intoxicate" wn="intoxicate%2:37:00" grouping="intoxicate.01"/>
        <MEMBER name="intrigue" wn="intrigue%2:42:00" grouping="intrigue.01"/>
        <MEMBER name="invigorate" wn="invigorate%2:30:01 invigorate%2:29:00" grouping=""/>
        <MEMBER name="irk" wn="irk%2:37:00" grouping=""/>
        <MEMBER name="irritate" wn="irritate%2:37:00" grouping="irritate.01"/>
        <MEMBER name="jade" wn="" grouping=""/>
        <MEMBER name="jar" wn="jar%2:37:00" grouping=""/>
        <MEMBER name="jollify" wn="" grouping=""/>
        <MEMBER name="jolt" wn="jolt%2:37:00" grouping="jolt.02"/>
        <MEMBER name="lull" wn="lull%2:37:01" grouping=""/>
        <MEMBER name="madden" wn="madden%2:37:01 madden%2:37:00" grouping=""/>
        <MEMBER name="menace" wn="" grouping="menace.02"/>
        <MEMBER name="mesmerize" wn="mesmerize%2:32:00" grouping=""/>
        <MEMBER name="miff" wn="miff%2:37:00" grouping=""/>
        <MEMBER name="misguide" wn="misguide%2:38:00 misguide%2:32:00" grouping=""/>  
        <MEMBER name="molest" wn="" grouping=""/>
        <MEMBER name="mollify" wn="mollify%2:37:00" grouping=""/>
        <MEMBER name="mortify" wn="mortify%2:37:02" grouping=""/>
        <MEMBER name="move" wn="move%2:37:00 move%2:37:01" grouping="move.03"/>
        <MEMBER name="muddle" wn="muddle%2:31:00" grouping=""/>
        <MEMBER name="mystify" wn="mystify%2:31:00" grouping=""/>
        <MEMBER name="nauseate" wn="nauseate%2:37:00" grouping=""/>
        <MEMBER name="nettle" wn="nettle%2:37:00" grouping=""/>
        <MEMBER name="nonplus" wn="nonplus%2:31:00" grouping=""/>
        <MEMBER name="numb" wn="numb%2:39:00" grouping=""/>
        <MEMBER name="obsess" wn="obsess%2:37:00" grouping="obsess.01"/>
        <MEMBER name="occupy" wn="" grouping="occupy.02"/>
        <MEMBER name="offend" wn="offend%2:37:01 offend%2:37:02 offend%2:37:00" grouping="offend.01"/>
        <MEMBER name="outrage" wn="outrage%2:37:01" grouping=""/>
        <MEMBER name="overawe" wn="overawe%2:37:00" grouping=""/>
        <MEMBER name="overwhelm" wn="overwhelm%2:37:00" grouping="overwhelm.01"/>
        <MEMBER name="pacify" wn="pacify%2:37:00" grouping=""/>
        <MEMBER name="pain" wn="pain%2:37:00" grouping=""/>
        <MEMBER name="peeve" wn="peeve%2:37:00" grouping=""/>
        <MEMBER name="perplex" wn="perplex%2:31:00" grouping=""/>
        <MEMBER name="perturb" wn="perturb%2:37:00" grouping=""/>
        <MEMBER name="pester" wn="" grouping=""/>
        <MEMBER name="pique" wn="pique%2:37:00" grouping=""/>
        <MEMBER name="placate" wn="placate%2:37:00" grouping=""/>
        <MEMBER name="plague" wn="plague%2:37:00" grouping="plague.01"/>
        <MEMBER name="please" wn="please%2:37:00" grouping="please.01"/>
        <MEMBER name="preoccupy" wn="preoccupy%2:37:00" grouping="preoccupy.01"/>
        <MEMBER name="provoke" wn="provoke%2:37:00 provoke%2:37:01" grouping="provoke.02"/>
        <MEMBER name="puzzle" wn="puzzle%2:31:00" grouping="puzzle.01"/>
        <MEMBER name="quench" wn="" grouping=""/>
        <MEMBER name="rag" wn="rag%2:37:00 rag%2:37:01 rag%2:32:01 rag%2:32:00" grouping="rag.01"/>
        <MEMBER name="rankle" wn="rankle%2:37:00" grouping=""/>
        <MEMBER name="ravish" wn="" grouping=""/>
        <MEMBER name="reassure" wn="reassure%2:37:00 reassure%2:32:00" grouping="reassure.01"/>
        <MEMBER name="recharge" wn="" grouping=""/>
        <MEMBER name="refresh" wn="refresh%2:30:00" grouping="refresh.02"/>
        <MEMBER name="rejuvenate" wn="" grouping=""/>
        <MEMBER name="relax" wn="relax%2:29:01" grouping="relax.01"/>
        <MEMBER name="relieve" wn="relieve%2:37:00 relieve%2:40:01" grouping="relieve.01 relieve.04"/>
        <MEMBER name="repel" wn="repel%2:37:00 repel%2:39:00" grouping="repel.02"/>
        <MEMBER name="repulse" wn="repulse%2:37:00" grouping=""/>
        <MEMBER name="revitalize" wn="revitalize%2:29:00" grouping=""/>
        <MEMBER name="revolt" wn="revolt%2:39:00 revolt%2:37:00" grouping="revolt.02"/>
        <MEMBER name="rile" wn="rile%2:37:00" grouping=""/>
        <MEMBER name="ruffle" wn="ruffle%2:37:00 ruffle%2:37:01" grouping="ruffle.02"/>
        <MEMBER name="sadden" wn="sadden%2:37:01" grouping=""/>
        <MEMBER name="satiate" wn="" grouping=""/>
        <MEMBER name="satisfy" wn="satisfy%2:37:00" grouping="satisfy.01"/>
        <MEMBER name="scandalize" wn="scandalize%2:37:00" grouping=""/>
        <MEMBER name="scare" wn="scare%2:37:00 scare%2:37:04" grouping="scare.01"/>
        <MEMBER name="shake" wn="shake%2:37:00" grouping="shake.02"/>
        <MEMBER name="shame" wn="shame%2:41:00 shame%2:37:00" grouping="shame.01"/>
        <MEMBER name="shock" wn="shock%2:37:01 shock%2:37:02 shock%2:37:00" grouping="shock.01"/>
        <MEMBER name="sicken" wn="sicken%2:37:00" grouping="sicken.01"/>
        <MEMBER name="sober" wn="sober%2:30:02" grouping=""/>
        <MEMBER name="solace" wn="solace%2:37:00" grouping=""/>
        <MEMBER name="soothe" wn="soothe%2:37:00" grouping=""/>
        <MEMBER name="spellbind" wn="spellbind%2:32:00" grouping=""/>
        <MEMBER name="spook" wn="spook%2:37:00" grouping="spook.01"/>
        <MEMBER name="stagger" wn="stagger%2:37:00" grouping="stagger.03"/>
        <MEMBER name="startle" wn="startle%2:37:00" grouping=""/>
        <MEMBER name="stimulate" wn="stimulate%2:37:00 stimulate%2:29:00 stimulate%2:39:00" grouping="stimulate.01"/>
        <MEMBER name="sting" wn="sting%2:37:00" grouping="sting.03"/>
        <MEMBER name="stir" wn="stir%2:37:01 stir%2:36:00" grouping="stir.02"/>
        <MEMBER name="strike" wn="strike%2:37:00" grouping="strike.01"/>
        <MEMBER name="stump" wn="stump%2:31:00" grouping="stump.01"/>
        <MEMBER name="stun" wn="stun%2:39:00" grouping="stun.02"/>
        <MEMBER name="stupefy" wn="stupefy%2:39:00 stupefy%2:31:00" grouping=""/>
        <MEMBER name="surprise" wn="surprise%2:31:00" grouping="surprise.01"/>
        <MEMBER name="tantalize" wn="tantalize%2:32:00" grouping=""/>
        <MEMBER name="taunt" wn="" grouping=""/>
        <MEMBER name="tease" wn="tease%2:37:00 tease%2:32:00" grouping="tease.01"/>
        <MEMBER name="tempt" wn="tempt%2:37:00 tempt%2:37:01" grouping="tempt.01 tempt.03"/>
        <MEMBER name="terrify" wn="terrify%2:37:00" grouping=""/>
        <MEMBER name="terrorize" wn="terrorize%2:37:00" grouping="terrorize.01"/>
        <MEMBER name="threaten" wn="threaten%2:42:00" grouping="threaten.02"/>
        <MEMBER name="thrill" wn="thrill%2:39:00 thrill%2:37:02 thrill%2:37:01" grouping="thrill.01"/>
        <MEMBER name="throw" wn="throw%2:37:00 throw%2:31:00" grouping="throw.05"/>
        <MEMBER name="tickle" wn="tickle%2:37:01" grouping="tickle.02"/>
        <MEMBER name="tire" wn="tire%2:37:01" grouping="tire.02"/>
        <MEMBER name="titillate" wn="titillate%2:37:00" grouping=""/>
        <MEMBER name="torment" wn="torment%2:37:00 torment%2:37:01" grouping="torment.01"/>
        <MEMBER name="torture" wn="" grouping="torture.01 torture.02"/>
        <MEMBER name="touch" wn="touch%2:37:00" grouping="touch.03"/>
        <MEMBER name="transfix" wn="" grouping=""/>
        <MEMBER name="transport" wn="transport%2:37:00" grouping="transport.02"/>
        <MEMBER name="trouble" wn="trouble%2:37:01 trouble%2:37:00" grouping="trouble.01"/>
        <MEMBER name="try" wn="try%2:37:01" grouping="try.04"/>
        <MEMBER name="unnerve" wn="unnerve%2:37:00" grouping=""/>
        <MEMBER name="unsettle" wn="unsettle%2:37:00" grouping=""/>
        <MEMBER name="uplift" wn="uplift%2:37:00" grouping="uplift.01"/>
        <MEMBER name="upset" wn="upset%2:37:01 upset%2:37:00" grouping="upset.02"/>
        <MEMBER name="vex" wn="vex%2:37:00" grouping=""/>
        <MEMBER name="weary" wn="weary%2:29:00" grouping=""/>
        <MEMBER name="worry" wn="worry%2:37:01 worry%2:42:00" grouping="worry.01"/>
        <MEMBER name="wound" wn="wound%2:37:00" grouping=""/>
        <MEMBER name="wow" wn="wow%2:37:00" grouping=""/>
        <MEMBER name="roil" wn="" grouping=""/>
        <MEMBER name="smite" wn="smite%2:37:00" grouping="smite.02"/>
    </MEMBERS>
    <THEMROLES>
        <THEMROLE type="Experiencer">
            <SELRESTRS>
                <SELRESTR Value="+" type="animate"/>
            </SELRESTRS>
        </THEMROLE>
        <THEMROLE type="Stimulus">
            <SELRESTRS/>
        </THEMROLE>
         <THEMROLE type="Result">
                <SELRESTRS/>
        </THEMROLE>
    </THEMROLES>
    <FRAMES>
        <FRAME>
            <DESCRIPTION descriptionNumber="0.2" primary="NP V NP" secondary="Basic Transitive" xtag=""/>
            <EXAMPLES>
                <EXAMPLE>The clown amused the children.</EXAMPLE>
            </EXAMPLES>
            <SYNTAX>
                <NP value="Stimulus">
                    <SYNRESTRS/>
                </NP>
                <VERB/>
                <NP value="Experiencer">
                    <SYNRESTRS/>
                </NP>
            </SYNTAX>
            <SEMANTICS>
                <PRED value="cause">
                    <ARGS>
                        <ARG type="ThemRole" value="Stimulus"/>
                        <ARG type="Event" value="E"/>
                    </ARGS>
                </PRED>
                <PRED value="emotional_state">
                    <ARGS>
                        <ARG type="Event" value="result(E)"/>
                        <ARG type="VerbSpecific" value="Emotion"/>
                        <ARG type="ThemRole" value="Experiencer"/>
                    </ARGS>
                </PRED>
            </SEMANTICS>
        </FRAME>
        <FRAME>
            <DESCRIPTION descriptionNumber="1.1.1" primary="NP V ADV-Middle" secondary="Middle Construction" xtag=""/>
            <EXAMPLES>
                <EXAMPLE>Little children amuse easily.</EXAMPLE>
            </EXAMPLES>
            <SYNTAX>
                <NP value="Experiencer">
                    <SYNRESTRS/>
                </NP>
                <VERB/>
                <ADV/>
            </SYNTAX>
            <SEMANTICS>
                <PRED value="property">
                    <ARGS>
                        <ARG type="ThemRole" value="Experiencer"/>
                        <ARG type="VerbSpecific" value="Prop"/>
                    </ARGS>
                </PRED>
                <PRED value="Adv">
                    <ARGS>
                        <ARG type="VerbSpecific" value="Prop"/>
                    </ARGS>
                </PRED>
            </SEMANTICS>
            <!--most verbs-->
        </FRAME>
        <FRAME>
            <DESCRIPTION descriptionNumber="1.2.5" primary="NP V" secondary="PRO-Arb Object Alternation" xtag=""/>
            <EXAMPLES>
                <EXAMPLE>The clown amused.</EXAMPLE>
            </EXAMPLES>
            <SYNTAX>
                <NP value="Stimulus">
                    <SYNRESTRS/>
                </NP>
                <VERB/>
            </SYNTAX>
            <SEMANTICS>
                <PRED value="cause">
                    <ARGS>
                        <ARG type="ThemRole" value="Stimulus"/>
                        <ARG type="Event" value="E"/>
                    </ARGS>
                </PRED>
                <PRED value="emotional_state">
                    <ARGS>
                        <ARG type="Event" value="result(E)"/>
                        <ARG type="VerbSpecific" value="Emotion"/>
                        <ARG type="ThemRole" value="?Experiencer"/>
                    </ARGS>
                </PRED>
            </SEMANTICS>
        </FRAME>
        <FRAME>
            <DESCRIPTION descriptionNumber="2.13.4" primary="NP.cause V NP" secondary="NP; Attribute Subject" xtag=""/>
            <EXAMPLES>
                <EXAMPLE>The clown's antics amused the children.</EXAMPLE>
            </EXAMPLES>
            <SYNTAX>
                <NP value="Stimulus">
                    <SYNRESTRS>
                        <SYNRESTR Value="+" type="genitive"/>
                    </SYNRESTRS>
                </NP>
                <LEX value="'s"/>
                <VERB/>
                <NP value="Experiencer">
                    <SYNRESTRS/>
                </NP>
            </SYNTAX>
            <SEMANTICS>
                <PRED value="cause">
                    <ARGS>
                        <ARG type="ThemRole" value="Stimulus"/>
                        <ARG type="Event" value="E"/>
                    </ARGS>
                </PRED>
                <PRED value="emotional_state">
                    <ARGS>
                        <ARG type="Event" value="during(E)"/>
                        <ARG type="VerbSpecific" value="Emotion"/>
                        <ARG type="ThemRole" value="Experiencer"/>
                    </ARGS>
                </PRED>
            </SEMANTICS>
        </FRAME>
        <FRAME>
            <DESCRIPTION descriptionNumber="0.4" primary="NP V NP ADJP" secondary="NP-ADJP; Resultative" xtag=""/>
            <EXAMPLES>
                <EXAMPLE>That movie bored me silly.</EXAMPLE>
            </EXAMPLES>
            <SYNTAX>
                <NP value="Stimulus">
                    <SYNRESTRS/>
                </NP>
                <VERB/>
                <NP value="Experiencer">
                    <SYNRESTRS/>
                </NP>
                <NP value="Result">
                    <SYNRESTRS>
                        <SYNRESTR Value="+" type="adj"/>
                    </SYNRESTRS>
                </NP>
            </SYNTAX>
            <SEMANTICS>
                <PRED value="cause">
                    <ARGS>
                        <ARG type="ThemRole" value="Stimulus"/>
                        <ARG type="Event" value="E"/>
                    </ARGS>
                </PRED>
                <PRED value="emotional_state">
                    <ARGS>
                        <ARG type="Event" value="result(E)"/>
                        <ARG type="VerbSpecific" value="Emotion"/>
                        <ARG type="ThemRole" value="Experiencer"/>
                    </ARGS>
                </PRED>
                <PRED value="Pred">
                    <ARGS>
                        <ARG type="Event" value="result(E)"/>
                        <ARG type="ThemRole" value="Experiencer"/>
                    </ARGS>
                </PRED>
            </SEMANTICS>
        </FRAME>
    </FRAMES>
    <SUBCLASSES/>
</VNCLASS>
