<?xml version="1.0" encoding="UTF-8"?>
<!DOCTYPE VNCLASS SYSTEM "vn_class-3.dtd">
<VNCLASS ID="calibratable_cos-45.6" xmlns:xsi="http://www.w3.org/2001/XMLSchema-instance" xsi:noNamespaceSchemaLocation="vn_schema-3.xsd">
    <MEMBERS>
        <!--Members usually specify the Direction of the change of the Attribute value (up, down, etc)-->
        <MEMBER name="multiply" wn="multiply%2:30:00" grouping="multiply.01"/>
    </MEMBERS>
    <THEMROLES>
        <THEMROLE type="Patient">
            <SELRESTRS/>
        </THEMROLE>
        <THEMROLE type="Attribute">
            <SELRESTRS>
                <SELRESTR Value="+" type="scalar"/>
            </SELRESTRS>
        </THEMROLE>
        <THEMROLE type="Extent">
            <SELRESTRS/>
        </THEMROLE>
    </THEMROLES>
    <FRAMES>
        <FRAME>
            <DESCRIPTION descriptionNumber="2.13.5" primary="NP.attribute V" secondary="Intransitive; Attribute Subject" xtag=""/>
            <EXAMPLES>
                <EXAMPLE>The price of oil soared.</EXAMPLE>
            </EXAMPLES>
            <SYNTAX>
                <NP value="Attribute">
                    <SYNRESTRS/>
                </NP>
                <LEX value="of"/>
                <NP value="Patient">
                    <SYNRESTRS/>
                </NP>
                <VERB/>
            </SYNTAX>
            <SEMANTICS>
                <PRED value="change_value">
                    <ARGS>
                        <ARG type="Event" value="during(E)"/>
                        <ARG type="VerbSpecific" value="Direction"/>
                        <ARG type="ThemRole" value="Attribute"/>
                        <ARG type="ThemRole" value="Patient"/>
                    </ARGS>
                </PRED>
            </SEMANTICS>
        </FRAME>
        <FRAME>
            <DESCRIPTION descriptionNumber="2.13.5" primary="NP.patient V PP.attribute" secondary="PP; Possessor Subject, Attribute-PP" xtag=""/>
            <EXAMPLES>
                <EXAMPLE>Oil soared in price.</EXAMPLE>
            </EXAMPLES>
            <SYNTAX>
                <NP value="Patient">
                    <SYNRESTRS/>
                </NP>
                <VERB/>
                <PREP value="in">
                    <SELRESTRS/>
                </PREP>
                <NP value="Attribute">
                    <SYNRESTRS/>
                </NP>
            </SYNTAX>
            <SEMANTICS>
                <PRED value="change_value">
                    <ARGS>
                        <ARG type="Event" value="during(E)"/>
                        <ARG type="VerbSpecific" value="Direction"/>
                        <ARG type="ThemRole" value="Attribute"/>
                        <ARG type="ThemRole" value="Patient"/>
                    </ARGS>
                </PRED>
            </SEMANTICS>
        </FRAME>
        <FRAME>
            <DESCRIPTION descriptionNumber="2.13.5" primary="NP.attribute V NP.extent" secondary="NP; Attribute Subject, Extent Object" xtag=""/>
            <EXAMPLES>
                <EXAMPLE>The price of oil increased ten percent.</EXAMPLE>
            </EXAMPLES>
            <SYNTAX>
                <NP value="Attribute">
                    <SYNRESTRS/>
                </NP>
                <LEX value="of"/>
                <NP value="Patient">
                    <SYNRESTRS/>
                </NP>
                <VERB/>
                <NP value="Extent">
                    <SYNRESTRS/>
                </NP>
            </SYNTAX>
            <SEMANTICS>
                <PRED value="change_value">
                    <ARGS>
                        <ARG type="Event" value="during(E)"/>
                        <ARG type="VerbSpecific" value="Direction"/>
                        <ARG type="ThemRole" value="Attribute"/>
                        <ARG type="ThemRole" value="Patient"/>
                    </ARGS>
                </PRED>
                <PRED value="amount_changed">
                    <ARGS>
                        <ARG type="Event" value="during(E)"/>
                        <ARG type="ThemRole" value="Attribute"/>
                        <ARG type="ThemRole" value="Patient"/>
                        <ARG type="ThemRole" value="Extent"/>
                    </ARGS>
                </PRED>
            </SEMANTICS>
        </FRAME>
        <FRAME>
            <DESCRIPTION descriptionNumber="2.13.5" primary="NP.attribute V PP.extent" secondary="PP; Attribute Subject, Extent-PP" xtag=""/>
            <EXAMPLES>
                <EXAMPLE>The price of oil increased by ten percent.</EXAMPLE>
            </EXAMPLES>
            <SYNTAX>
                <NP value="Attribute">
                    <SYNRESTRS/>
                </NP>
                <LEX value="of"/>
                <NP value="Patient">
                    <SYNRESTRS/>
                </NP>
                <VERB/>
                <PREP value="by">
                    <SELRESTRS/>
                </PREP>
                <NP value="Extent">
                    <SYNRESTRS/>
                </NP>
            </SYNTAX>
            <SEMANTICS>
                <PRED value="change_value">
                    <ARGS>
                        <ARG type="Event" value="during(E)"/>
                        <ARG type="VerbSpecific" value="Direction"/>
                        <ARG type="ThemRole" value="Attribute"/>
                        <ARG type="ThemRole" value="Patient"/>
                    </ARGS>
                </PRED>
                <PRED value="amount_changed">
                    <ARGS>
                        <ARG type="Event" value="during(E)"/>
                        <ARG type="ThemRole" value="Attribute"/>
                        <ARG type="ThemRole" value="Patient"/>
                        <ARG type="ThemRole" value="Extent"/>
                    </ARGS>
                </PRED>
            </SEMANTICS>
        </FRAME>
        <FRAME>
            <DESCRIPTION descriptionNumber="2.13.5" primary="NP.attribute V NP.extent" secondary="NP; Attribute Subject, Extent Object" xtag=""/>
            <EXAMPLES>
                <EXAMPLE>Oils's price increased ten percent.</EXAMPLE>
            </EXAMPLES>
            <SYNTAX>
                <NP value="Patient">
                    <SYNRESTRS/>
                </NP>
                <LEX value="'s"/>
                <NP value="Attribute">
                    <SYNRESTRS/>
                </NP>
                <VERB/>
                <NP value="Extent">
                    <SYNRESTRS/>
                </NP>
            </SYNTAX>
            <SEMANTICS>
                <PRED value="change_value">
                    <ARGS>
                        <ARG type="Event" value="during(E)"/>
                        <ARG type="VerbSpecific" value="Direction"/>
                        <ARG type="ThemRole" value="Attribute"/>
                        <ARG type="ThemRole" value="Patient"/>
                    </ARGS>
                </PRED>
                <PRED value="amount_changed">
                    <ARGS>
                        <ARG type="Event" value="during(E)"/>
                        <ARG type="ThemRole" value="Attribute"/>
                        <ARG type="ThemRole" value="Patient"/>
                        <ARG type="ThemRole" value="Extent"/>
                    </ARGS>
                </PRED>
            </SEMANTICS>
        </FRAME>
        <FRAME>
            <DESCRIPTION descriptionNumber="2.13.5" primary="NP.attribute V PP.extent" secondary="PP; Attribute Subject, Extent-PP" xtag=""/>
            <EXAMPLES>
                <EXAMPLE>Oils's price increased by ten percent.</EXAMPLE>
            </EXAMPLES>
            <SYNTAX>
                <NP value="Patient">
                    <SYNRESTRS/>
                </NP>
                <LEX value="'s"/>
                <NP value="Attribute">
                    <SYNRESTRS/>
                </NP>
                <VERB/>
                <PREP value="by">
                    <SELRESTRS/>
                </PREP>
                <NP value="Extent">
                    <SYNRESTRS/>
                </NP>
            </SYNTAX>
            <SEMANTICS>
                <PRED value="change_value">
                    <ARGS>
                        <ARG type="Event" value="during(E)"/>
                        <ARG type="VerbSpecific" value="Direction"/>
                        <ARG type="ThemRole" value="Attribute"/>
                        <ARG type="ThemRole" value="Patient"/>
                    </ARGS>
                </PRED>
                <PRED value="amount_changed">
                    <ARGS>
                        <ARG type="Event" value="during(E)"/>
                        <ARG type="ThemRole" value="Attribute"/>
                        <ARG type="ThemRole" value="Patient"/>
                        <ARG type="ThemRole" value="Extent"/>
                    </ARGS>
                </PRED>
            </SEMANTICS>
        </FRAME>
        <FRAME>
            <DESCRIPTION descriptionNumber="" primary="NP V" secondary="Basic Intransitive" xtag=""/>
            <EXAMPLES>
                <EXAMPLE>Imports have declined.</EXAMPLE>
            </EXAMPLES>
            <SYNTAX>
                <NP value="Patient">
                    <SYNRESTRS/>
                </NP>
                <VERB/>
            </SYNTAX>
            <SEMANTICS>
                <PRED value="change_value">
                    <ARGS>
                        <ARG type="Event" value="during(E)"/>
                        <ARG type="VerbSpecific" value="Direction"/>
                        <ARG type="ThemRole" value="?Attribute"/>
                        <ARG type="ThemRole" value="Patient"/>
                    </ARGS>
                </PRED>
            </SEMANTICS>
        </FRAME>
        <FRAME>
            <DESCRIPTION descriptionNumber="" primary="NP V PP.extent" secondary="PP; Extent-PP" xtag=""/>
            <EXAMPLES>
                <EXAMPLE>Nonperforming assets at these banks declined by %15.</EXAMPLE>
            </EXAMPLES>
            <SYNTAX>
                <NP value="Patient">
                    <SYNRESTRS/>
                </NP>
                <VERB/>
                <PREP value="by">
                    <SELRESTRS/>
                </PREP>
                <NP value="Extent">
                    <SYNRESTRS/>
                </NP>
            </SYNTAX>
            <SEMANTICS>
                <PRED value="change_value">
                    <ARGS>
                        <ARG type="Event" value="during(E)"/>
                        <ARG type="VerbSpecific" value="Direction"/>
                        <ARG type="ThemRole" value="?Attribute"/>
                        <ARG type="ThemRole" value="Patient"/>
                    </ARGS>
                </PRED>
                <PRED value="amount_changed">
                    <ARGS>
                        <ARG type="Event" value="during(E)"/>
                        <ARG type="ThemRole" value="?Attribute"/>
                        <ARG type="ThemRole" value="Patient"/>
                        <ARG type="ThemRole" value="Extent"/>
                    </ARGS>
                </PRED>
            </SEMANTICS>
        </FRAME>
    </FRAMES>
    <SUBCLASSES>
        <VNSUBCLASS ID="calibratable_cos-45.6-1">
            <MEMBERS>
                <!--Members usually specify the Direction of the change of the Attribute value (up, down, etc)-->
                <MEMBER name="advance" wn="" grouping=""/>
                <MEMBER name="appreciate" wn="appreciate%2:30:00" grouping="appreciate.03"/>
                <MEMBER name="balloon" wn="" grouping="balloon.01 balloon.02"/>
                <MEMBER name="climb" wn="climb%2:38:00 climb%2:38:01 climb%2:30:01" grouping="climb.01"/>
                <MEMBER name="decline" wn="decline%2:30:01" grouping="decline.01"/>
                <MEMBER name="decrease" wn="decrease%2:30:00" grouping="decrease.01"/>
                <MEMBER name="depreciate" wn="depreciate%2:30:00" grouping="depreciate.02"/>
                <MEMBER name="diminish" wn="diminish%2:30:00" grouping="diminish.01"/>
                <MEMBER name="drop" wn="drop%2:30:00" grouping="drop.02"/>
                <MEMBER name="dwindle" wn="" grouping=""/>
                <MEMBER name="explode" wn="explode%2:30:02" grouping="explode.03"/>
                <MEMBER name="fall" wn="fall%2:30:06" grouping="fall.04"/>
                <MEMBER name="fluctuate" wn="fluctuate%2:30:00" grouping="fluctuate.01"/>
                <MEMBER name="gain" wn="gain%2:30:00" grouping="gain.02"/>
                <MEMBER name="grow" wn="" grouping="grow.02 grow.04"/>
                <MEMBER name="increase" wn="increase%2:30:00" grouping="increase.01"/>
                <MEMBER name="jump" wn="jump%2:30:00" grouping="jump.01"/>
                <MEMBER name="move" wn="" grouping=""/>
                <MEMBER name="mushroom" wn="mushroom%2:30:00" grouping="mushroom.01"/>
                <MEMBER name="plummet" wn="plummet%2:38:00" grouping="plummet.01"/>
                <MEMBER name="plump" wn="plump%2:38:01" grouping="plump.01"/>
                <MEMBER name="plunge" wn="plunge%2:38:01" grouping="plunge.02"/>
                <MEMBER name="retreat" wn="" grouping="retreat.05"/>
                <MEMBER name="rocket" wn="rocket%2:38:00" grouping=""/>
                <MEMBER name="rise" wn="rise%2:30:00 rise%2:30:03 rise%2:30:09 rise%2:38:02" grouping="rise.02"/>
                <MEMBER name="seesaw" wn="seesaw%2:38:00" grouping=""/>
                <MEMBER name="shift" wn="" grouping=""/>
                <MEMBER name="skyrocket" wn="skyrocket%2:38:00" grouping="skyrocket.01"/>
                <MEMBER name="slide" wn="" grouping="slide.03"/>
                <MEMBER name="slip" wn="slip%2:30:00" grouping="slip.03"/>
                <MEMBER name="soar" wn="soar%2:38:01 soar%2:30:00" grouping="soar.02"/>
                <MEMBER name="surge" wn="surge%2:38:00" grouping="surge.02"/>
                <MEMBER name="swing" wn="swing%2:30:08" grouping="swing.03"/>
                <MEMBER name="tumble" wn="tumble%2:30:00" grouping="tumble.01"/>
                <MEMBER name="vary" wn="vary%2:42:01" grouping="vary.01"/>
                <MEMBER name="dip" wn="dip%2:30:01" grouping="dip.02"/>
                <MEMBER name="lower" wn="lower%2:30:01 lower%2:35:03" grouping="lower.02"/>
                <MEMBER name="swell" wn="swell%2:30:02" grouping="swell.01"/>
            </MEMBERS>
            <THEMROLES/>
            <FRAMES>
                <FRAME>
                    <DESCRIPTION descriptionNumber="2.13.5" primary="NP.attribute V" secondary="Intransitive; Attribute Subject" xtag=""/>
                    <EXAMPLES>
                        <EXAMPLE>Oil's price soared.</EXAMPLE>
                    </EXAMPLES>
                    <SYNTAX>
                        <NP value="Patient">
                            <SYNRESTRS/>
                        </NP>
                        <LEX value="'s"/>
                        <NP value="Attribute">
                            <SYNRESTRS/>
                        </NP>
                        <VERB/>
                    </SYNTAX>
                    <SEMANTICS>
                        <PRED value="change_value">
                            <ARGS>
                                <ARG type="Event" value="during(E)"/>
                                <ARG type="VerbSpecific" value="Direction"/>
                                <ARG type="ThemRole" value="Attribute"/>
                                <ARG type="ThemRole" value="Patient"/>
                            </ARGS>
                        </PRED>
                    </SEMANTICS>
                </FRAME>
            </FRAMES>
            <SUBCLASSES/>
        </VNSUBCLASS>
    </SUBCLASSES>
</VNCLASS>
