<?xml version="1.0" encoding="UTF-8"?>
<!DOCTYPE VNCLASS SYSTEM "vn_class-3.dtd">
<VNCLASS ID="care-88.1" xmlns:xsi="http://www.w3.org/2001/XMLSchema-instance" xsi:noNamespaceSchemaLocation="vn_schema-3.xsd">
    <MEMBERS>
        <MEMBER name="mind" wn="mind%2:32:00 mind%2:31:02" grouping="mind.01"/>
    </MEMBERS>
    <THEMROLES>
        <THEMROLE type="Experiencer">
            <SELRESTRS logic="or">
                <SELRESTR Value="+" type="animate"/>
                <SELRESTR Value="+" type="organization"/>
            </SELRESTRS>
        </THEMROLE>
        <THEMROLE type="Stimulus">
            <SELRESTRS/>
        </THEMROLE>
    </THEMROLES>
    <FRAMES>
        <FRAME>
            <DESCRIPTION descriptionNumber="0.1" primary="NP V" secondary="Basic Intransitive" xtag="0.2"/>
            <EXAMPLES>
                <EXAMPLE>He doesn't care.</EXAMPLE>
            </EXAMPLES>
            <SYNTAX>
                <NP value="Experiencer">
                    <SYNRESTRS/>
                </NP>
                <VERB/>
            </SYNTAX>
            <SEMANTICS>
                <PRED value="emotional_state">
                    <ARGS>
                        <ARG type="Event" value="result(E)"/>
                        <ARG type="VerbSpecific" value="Emotion"/>
                        <ARG type="ThemRole" value="Experiencer"/>
                    </ARGS>
                </PRED>
            </SEMANTICS>
        </FRAME>
        <FRAME>
            <DESCRIPTION descriptionNumber="8.1" primary="NP V that S" secondary="S" xtag="0.2"/>
            <EXAMPLES>
                <EXAMPLE>He doesn't care that she comes.</EXAMPLE>
            </EXAMPLES>
            <SYNTAX>
                <NP value="Experiencer">
                    <SYNRESTRS/>
                </NP>
                <VERB/>
                <NP value="Stimulus">
                    <SYNRESTRS>
                        <SYNRESTR Value="+" type="that_comp"/>
                    </SYNRESTRS>
                </NP>
            </SYNTAX>
            <SEMANTICS>
                <PRED value="emotional_state">
                    <ARGS>
                        <ARG type="Event" value="result(E)"/>
                        <ARG type="VerbSpecific" value="Emotion"/>
                        <ARG type="ThemRole" value="Experiencer"/>
                    </ARGS>
                </PRED>
                <PRED value="in_reaction_to">
                    <ARGS>
                        <ARG type="Event" value="E"/>
                        <ARG type="ThemRole" value="Stimulus"/>
                    </ARGS>
                </PRED>
            </SEMANTICS>
        </FRAME>
        <FRAME>
            <DESCRIPTION descriptionNumber="8.1" primary="NP V whether/if S" secondary="WH-S" xtag="0.2"/>
            <EXAMPLES>
                <EXAMPLE>He doesn't care whether she comes.</EXAMPLE>
            </EXAMPLES>
            <SYNTAX>
                <NP value="Experiencer">
                    <SYNRESTRS/>
                </NP>
                <VERB/>
                <NP value="Stimulus">
                    <SYNRESTRS>
                        <SYNRESTR Value="+" type="wh_comp"/>
                    </SYNRESTRS>
                </NP>
            </SYNTAX>
            <SEMANTICS>
                <PRED value="emotional_state">
                    <ARGS>
                        <ARG type="Event" value="result(E)"/>
                        <ARG type="VerbSpecific" value="Emotion"/>
                        <ARG type="ThemRole" value="Experiencer"/>
                    </ARGS>
                </PRED>
                <PRED value="in_reaction_to">
                    <ARGS>
                        <ARG type="Event" value="E"/>
                        <ARG type="ThemRole" value="Stimulus"/>
                    </ARGS>
                </PRED>
            </SEMANTICS>
        </FRAME>
    </FRAMES>
    <SUBCLASSES>
        <VNSUBCLASS ID="care-88.1-1">
            <MEMBERS>
                <MEMBER name="care" wn="care%2:37:02 care%2:37:12" grouping="care.01"/>
                <MEMBER name="worry" wn="worry%2:37:00 worry%2:37:12" grouping="worry.01"/>
                <MEMBER name="wonder" wn="wonder%2:32:01" grouping="wonder.01"/>
            </MEMBERS>
            <THEMROLES/>
            <FRAMES>
                <FRAME>
                    <DESCRIPTION descriptionNumber="8.1" primary="NP V PP.stimulus what S" secondary="P-WHAT-S; about-PP" xtag="0.1"/>
                    <EXAMPLES>
                        <EXAMPLE>He doesn't care about what he should do.</EXAMPLE>
                    </EXAMPLES>
                    <SYNTAX>
                        <NP value="Experiencer">
                            <SYNRESTRS/>
                        </NP>
                        <VERB/>
                        <PREP value="about">
                            <SELRESTRS/>
                        </PREP>
                        <NP value="Stimulus">
                            <SYNRESTRS>
                                <SYNRESTR Value="+" type="what_extract"/>
                            </SYNRESTRS>
                        </NP>
                    </SYNTAX>
                    <SEMANTICS>
                        <PRED value="emotional_state">
                            <ARGS>
                                <ARG type="Event" value="result(E)"/>
                                <ARG type="VerbSpecific" value="Emotion"/>
                                <ARG type="ThemRole" value="Experiencer"/>
                            </ARGS>
                        </PRED>
                        <PRED value="in_reaction_to">
                            <ARGS>
                                <ARG type="Event" value="E"/>
                                <ARG type="ThemRole" value="Stimulus"/>
                            </ARGS>
                        </PRED>
                    </SEMANTICS>
                </FRAME>
                <FRAME>
                    <DESCRIPTION descriptionNumber="8.1" primary="NP V what S" secondary="WHAT-S" xtag="0.1"/>
                    <EXAMPLES>
                        <EXAMPLE>I don't care what he does.</EXAMPLE>
                    </EXAMPLES>
                    <SYNTAX>
                        <NP value="Experiencer">
                            <SYNRESTRS/>
                        </NP>
                        <VERB/>
                        <NP value="Stimulus">
                            <SYNRESTRS>
                                <SYNRESTR Value="+" type="what_extract"/>
                            </SYNRESTRS>
                        </NP>
                    </SYNTAX>
                    <SEMANTICS>
                        <PRED value="emotional_state">
                            <ARGS>
                                <ARG type="Event" value="result(E)"/>
                                <ARG type="VerbSpecific" value="Emotion"/>
                                <ARG type="ThemRole" value="Experiencer"/>
                            </ARGS>
                        </PRED>
                        <PRED value="in_reaction_to">
                            <ARGS>
                                <ARG type="Event" value="E"/>
                                <ARG type="ThemRole" value="Stimulus"/>
                            </ARGS>
                        </PRED>
                    </SEMANTICS>
                </FRAME>
                <FRAME>
                    <DESCRIPTION descriptionNumber="8.1" primary="NP V PP.stimulus how/whether S" secondary="P-WH-S; about-PP" xtag="0.2"/>
                    <EXAMPLES>
                        <EXAMPLE>He doesn't care about how/whether she comes.</EXAMPLE>
                    </EXAMPLES>
                    <SYNTAX>
                        <NP value="Experiencer">
                            <SYNRESTRS/>
                        </NP>
                        <VERB/>
                        <PREP value="about">
                            <SELRESTRS/>
                        </PREP>
                        <NP value="Stimulus">
                            <SYNRESTRS>
                                <SYNRESTR Value="+" type="wh_comp"/>
                            </SYNRESTRS>
                        </NP>
                    </SYNTAX>
                    <SEMANTICS>
                        <PRED value="emotional_state">
                            <ARGS>
                                <ARG type="Event" value="result(E)"/>
                                <ARG type="VerbSpecific" value="Emotion"/>
                                <ARG type="ThemRole" value="Experiencer"/>
                            </ARGS>
                        </PRED>
                        <PRED value="in_reaction_to">
                            <ARGS>
                                <ARG type="Event" value="E"/>
                                <ARG type="ThemRole" value="Stimulus"/>
                            </ARGS>
                        </PRED>
                    </SEMANTICS>
                </FRAME>
            </FRAMES>
            <SUBCLASSES/>
        </VNSUBCLASS>
    </SUBCLASSES>
</VNCLASS>









