<?xml version="1.0" encoding="UTF-8"?>
<!DOCTYPE VNCLASS SYSTEM "vn_class-3.dtd">
<VNCLASS ID="carve-21.2" xmlns:xsi="http://www.w3.org/2001/XMLSchema-instance" xsi:noNamespaceSchemaLocation="vn_schema-3.xsd">
    <!--class needs to be subdivided-->
    <MEMBERS/>
    <THEMROLES>
        <THEMROLE type="Agent">
            <SELRESTRS>
                <SELRESTR Value="+" type="int_control"/>
            </SELRESTRS>
        </THEMROLE>
        <THEMROLE type="Patient">
            <SELRESTRS>
                <SELRESTR Value="+" type="concrete"/>
            </SELRESTRS>
        </THEMROLE>
        <THEMROLE type="Instrument">
            <SELRESTRS>
                <SELRESTR Value="+" type="concrete"/>
            </SELRESTRS>
        </THEMROLE>
    </THEMROLES>
    <FRAMES/>
    <SUBCLASSES>
        <VNSUBCLASS ID="carve-21.2-1">
            <!--result subclass-->
            <MEMBERS>
                <!--Each verb specifies Form of Patient as a result of action-->
                <MEMBER name="bruise" wn="bruise%2:35:00 bruise%2:30:00" grouping=""/>
                <MEMBER name="chip" wn="chip%2:35:01 chip%2:35:03 chip%2:35:00" grouping="chip.01"/>
                <MEMBER name="cleave" wn="cleave%2:35:00 cleave%2:35:01" grouping="cleave.01"/>
                <MEMBER name="crumble" wn="crumble%2:30:00" grouping="crumble.01"/>
                <MEMBER name="crumple" wn="crumple%2:35:00" grouping="crumple.02"/>
                <MEMBER name="crunch" wn="crunch%2:34:00 crunch%2:30:00" grouping="crunch.02 crunch.03"/>
                <MEMBER name="crush" wn="crush%2:35:00 crush%2:30:00 crush%2:35:01 crush%2:30:08" grouping="crush.01"/>
                <MEMBER name="cube" wn="cube%2:35:00" grouping=""/>
                <MEMBER name="dent" wn="dent%2:35:00" grouping=""/>
                <MEMBER name="dice" wn="dice%2:35:00" grouping=""/>
                <MEMBER name="fillet" wn="fillet%2:35:00" grouping=""/>
                <MEMBER name="flake" wn="flake%2:35:02" grouping="flake.01"/>
                <MEMBER name="flatten" wn="flatten%2:30:01" grouping="flatten.01"/>
                <MEMBER name="gash" wn="gash%2:35:00" grouping=""/>
                <MEMBER name="gouge" wn="gouge%2:35:00 gouge%2:35:01" grouping="gouge.01"/>
                <MEMBER name="grate" wn="grate%2:35:02" grouping="grate.03"/>
                <MEMBER name="grind" wn="grind%2:35:02 grind%2:30:00" grouping="grind.02"/>
                <MEMBER name="mangle" wn="mangle%2:35:01" grouping="mangle.01"/>
                <MEMBER name="mash" wn="mash%2:35:00 mash%2:30:00" grouping="mash.01"/>
                <MEMBER name="mince" wn="?mince%2:35:00" grouping="mince.03"/>
                <MEMBER name="nick" wn="nick%2:35:01 nick%2:35:00" grouping=""/>
                <MEMBER name="notch" wn="notch%2:35:00" grouping=""/>
                <MEMBER name="perforate" wn="perforate%2:35:00" grouping=""/>
                <MEMBER name="pulverize" wn="pulverize%2:30:00" grouping=""/>
                <MEMBER name="quarter" wn="quarter%2:35:01" grouping="quarter.03"/>
                <MEMBER name="scollop" wn="scollop%2:30:00" grouping="scollop.03"/>
                <MEMBER name="scrunch" wn="scrunch%2:35:00" grouping=""/>
                <MEMBER name="shred" wn="shred%2:35:00" grouping=""/>
                <MEMBER name="slice" wn="slice%2:35:01 slice%2:35:00" grouping="slice.01"/>
                <MEMBER name="slit" wn="slit%2:35:01 slit%2:35:00" grouping=""/>
                <MEMBER name="smash" wn="smash%2:35:00 smash%2:30:00 smash%2:38:02 smash%2:35:08 smash%2:35:05 smash%2:30:10" grouping="smash.01"/>
                <MEMBER name="squash" wn="squash%2:35:00" grouping=""/>
                <MEMBER name="squish" wn="squish%2:35:00" grouping=""/>
                <MEMBER name="trench" wn="trench%2:35:03 trench%2:35:01" grouping=""/>
            </MEMBERS>
            <THEMROLES/>
            <FRAMES>
                <FRAME>
                    <DESCRIPTION descriptionNumber="0.2" primary="NP V NP" secondary="Basic Transitive" xtag="0.2"/>
                    <EXAMPLES>
                        <EXAMPLE>Carol crushed the ice.</EXAMPLE>
                    </EXAMPLES>
                    <SYNTAX>
                        <NP value="Agent">
                            <SYNRESTRS/>
                        </NP>
                        <VERB/>
                        <NP value="Patient">
                            <SYNRESTRS/>
                        </NP>
                    </SYNTAX>
                    <SEMANTICS>
                        <PRED value="cause">
                            <ARGS>
                                <ARG type="ThemRole" value="Agent"/>
                                <ARG type="Event" value="E"/>
                            </ARGS>
                        </PRED>
                        <PRED value="contact">
                            <ARGS>
                                <ARG type="Event" value="during(E)"/>
                                <ARG type="ThemRole" value="?Instrument"/>
                                <ARG type="ThemRole" value="Patient"/>
                            </ARGS>
                        </PRED>
                        <PRED value="degradation_material_integrity">
                            <ARGS>
                                <ARG type="Event" value="result(E)"/>
                                <ARG type="ThemRole" value="Patient"/>
                            </ARGS>
                        </PRED>
                        <PRED value="physical_form">
                            <ARGS>
                                <ARG type="Event" value="result(E)"/>
                                <ARG type="VerbSpecific" value="Form"/>
                                <ARG type="ThemRole" value="Patient"/>
                            </ARGS>
                        </PRED>
                    </SEMANTICS>
                </FRAME>
                <FRAME>
                    <DESCRIPTION descriptionNumber="0.2" primary="NP V NP PP.instrument" secondary="NP-PP; Instrument-PP" xtag=""/>
                    <EXAMPLES>
                        <EXAMPLE>Carol crushed the ice with a hammer.</EXAMPLE>
                    </EXAMPLES>
                    <SYNTAX>
                        <NP value="Agent">
                            <SYNRESTRS/>
                        </NP>
                        <VERB/>
                        <NP value="Patient">
                            <SYNRESTRS/>
                        </NP>
                        <PREP value="with">
                            <SELRESTRS/>
                        </PREP>
                        <NP value="Instrument">
                            <SYNRESTRS/>
                        </NP>
                    </SYNTAX>
                    <SEMANTICS>
                        <PRED value="cause">
                            <ARGS>
                                <ARG type="ThemRole" value="Agent"/>
                                <ARG type="Event" value="E"/>
                            </ARGS>
                        </PRED>
                        <PRED value="contact">
                            <ARGS>
                                <ARG type="Event" value="during(E)"/>
                                <ARG type="ThemRole" value="Instrument"/>
                                <ARG type="ThemRole" value="Patient"/>
                            </ARGS>
                        </PRED>
                        <PRED value="degradation_material_integrity">
                            <ARGS>
                                <ARG type="Event" value="result(E)"/>
                                <ARG type="ThemRole" value="Patient"/>
                            </ARGS>
                        </PRED>
                        <PRED value="physical_form">
                            <ARGS>
                                <ARG type="Event" value="result(E)"/>
                                <ARG type="VerbSpecific" value="Form"/>
                                <ARG type="ThemRole" value="Patient"/>
                            </ARGS>
                        </PRED>
                        <PRED value="use">
                            <ARGS>
                                <ARG type="Event" value="during(E)"/>
                                <ARG type="ThemRole" value="Agent"/>
                                <ARG type="ThemRole" value="Instrument"/>
                            </ARGS>
                        </PRED>
                    </SEMANTICS>
                </FRAME>
                <FRAME>
                    <DESCRIPTION descriptionNumber="1.1.1" primary="NP V ADV-Middle" secondary="Middle Construction" xtag=""/>
                    <EXAMPLES>
                        <EXAMPLE>The ice crushes easily.</EXAMPLE>
                    </EXAMPLES>
                    <SYNTAX>
                        <NP value="Patient">
                            <SYNRESTRS/>
                        </NP>
                        <VERB/>
                        <ADV/>
                    </SYNTAX>
                    <SEMANTICS>
                        <PRED value="property">
                            <ARGS>
                                <ARG type="ThemRole" value="Patient"/>
                                <ARG type="VerbSpecific" value="Prop"/>
                            </ARGS>
                        </PRED>
                        <PRED value="Adv">
                            <ARGS>
                                <ARG type="VerbSpecific" value="Prop"/>
                            </ARGS>
                        </PRED>
                    </SEMANTICS>
                </FRAME>
                <FRAME>
                    <DESCRIPTION descriptionNumber="3.3" primary="NP.instrument V NP" secondary="Instrument Subject Alternation" xtag=""/>
                    <EXAMPLES>
                        <EXAMPLE>The hammer crushed the marble.</EXAMPLE>
                    </EXAMPLES>
                    <SYNTAX>
                        <NP value="Instrument">
                            <SYNRESTRS/>
                        </NP>
                        <VERB/>
                        <NP value="Patient">
                            <SYNRESTRS/>
                        </NP>
                    </SYNTAX>
                    <SEMANTICS>
                        <PRED value="contact">
                            <ARGS>
                                <ARG type="Event" value="during(E)"/>
                                <ARG type="ThemRole" value="Instrument"/>
                                <ARG type="ThemRole" value="Patient"/>
                            </ARGS>
                        </PRED>
                        <PRED value="degradation_material_integrity">
                            <ARGS>
                                <ARG type="Event" value="result(E)"/>
                                <ARG type="ThemRole" value="Patient"/>
                            </ARGS>
                        </PRED>
                        <PRED value="physical_form">
                            <ARGS>
                                <ARG type="Event" value="result(E)"/>
                                <ARG type="VerbSpecific" value="Form"/>
                                <ARG type="ThemRole" value="Patient"/>
                            </ARGS>
                        </PRED>
                    </SEMANTICS>
                </FRAME>
                <FRAME>
                    <DESCRIPTION descriptionNumber="1.2.6.2" primary="NP.instrument V ADV" secondary="Characteristic Property of Instrument" xtag=""/>
                    <EXAMPLES>
                        <EXAMPLE>That hammer crushes well.</EXAMPLE>
                    </EXAMPLES>
                    <SYNTAX>
                        <NP value="Instrument">
                            <SYNRESTRS/>
                        </NP>
                        <VERB/>
                        <ADV/>
                    </SYNTAX>
                    <SEMANTICS>
                        <PRED value="property">
                            <ARGS>
                                <ARG type="ThemRole" value="Instrument"/>
                                <ARG type="VerbSpecific" value="Prop"/>
                            </ARGS>
                        </PRED>
                        <PRED value="Adv">
                            <ARGS>
                                <ARG type="VerbSpecific" value="Prop"/>
                            </ARGS>
                        </PRED>
                    </SEMANTICS>
                </FRAME>
            </FRAMES>
            <SUBCLASSES/>
        </VNSUBCLASS>
        <VNSUBCLASS ID="carve-21.2-2">
            <!--instrument/means subclass-->
            <MEMBERS>
                <!--Each member specifies Instrument and Motion of Agent-->
                <MEMBER name="bore" wn="bore%2:35:00" grouping=""/>
                <MEMBER name="carve" wn="carve%2:35:01 carve%2:35:02 carve%2:35:00" grouping="carve.01"/>
                <MEMBER name="chop" wn="chop%2:35:01 chop%2:35:00" grouping="chop.01"/>
                <MEMBER name="crop" wn="crop%2:35:02" grouping="crop.01"/>
                <MEMBER name="crumb" wn="crumb%2:30:01" grouping="crumb.02"/>
                <MEMBER name="drill" wn="drill%2:35:00" grouping="drill.01"/>
                <MEMBER name="file" wn="file%2:35:00" grouping="file.02"/>
                <MEMBER name="lance" wn="lance%2:35:01 lance%2:35:00" grouping=""/>
                <MEMBER name="mill" wn="mill%2:35:00" grouping=""/>
                <MEMBER name="mangle" wn="mangle%2:35:01" grouping="mangle.01"/>
                <MEMBER name="mow" wn="mow%2:35:00" grouping="mow.01"/>
                <MEMBER name="pink" wn="" grouping="pink.03"/>
                <MEMBER name="punch" wn="punch%2:35:01" grouping="punch.02"/>
                <MEMBER name="prune" wn="prune%2:35:00" grouping=""/>
                <MEMBER name="scollop" wn="scollop%2:35:00" grouping="scollop.01"/>
                <MEMBER name="sand" wn="sand%2:35:00" grouping=""/>
                <MEMBER name="spear" wn="spear%2:35:00" grouping="spear.01"/>
                <MEMBER name="tool" wn="tool%2:40:00" grouping="tool.02 tool.03"/>
                <MEMBER name="tread" wn="tread%2:40:00" grouping="tread.02"/>
            </MEMBERS>
            <THEMROLES/>
            <FRAMES>
                <FRAME>
                    <DESCRIPTION descriptionNumber="0.2" primary="NP V NP" secondary="Basic Transitive" xtag="0.2"/>
                    <EXAMPLES>
                        <EXAMPLE>Carol carved the stone.</EXAMPLE>
                    </EXAMPLES>
                    <SYNTAX>
                        <NP value="Agent">
                            <SYNRESTRS/>
                        </NP>
                        <VERB/>
                        <NP value="Patient">
                            <SYNRESTRS/>
                        </NP>
                    </SYNTAX>
                    <SEMANTICS>
                        <PRED value="cause">
                            <ARGS>
                                <ARG type="ThemRole" value="Agent"/>
                                <ARG type="Event" value="E"/>
                            </ARGS>
                        </PRED>
                        <PRED value="manner">
                            <ARGS>
                                <ARG type="Event" value="during(E)"/>
                                <ARG type="VerbSpecific" value="Motion"/>
                                <ARG type="ThemRole" value="Agent"/>
                            </ARGS>
                        </PRED>
                        <PRED value="contact">
                            <ARGS>
                                <ARG type="Event" value="during(E)"/>
                                <ARG type="ThemRole" value="Agent"/>
                                <ARG type="ThemRole" value="Patient"/>
                            </ARGS>
                        </PRED>
                        <PRED value="degradation_material_integrity">
                            <ARGS>
                                <ARG type="Event" value="result(E)"/>
                                <ARG type="ThemRole" value="Patient"/>
                            </ARGS>
                        </PRED>
                    </SEMANTICS>
                </FRAME>
                <FRAME>
                    <DESCRIPTION descriptionNumber="0.2" primary="NP V NP PP.instrument" secondary="NP-PP; Instrument-PP" xtag=""/>
                    <EXAMPLES>
                        <EXAMPLE>Carol carved the stone with a chisel.</EXAMPLE>
                    </EXAMPLES>
                    <SYNTAX>
                        <NP value="Agent">
                            <SYNRESTRS/>
                        </NP>
                        <VERB/>
                        <NP value="Patient">
                            <SYNRESTRS/>
                        </NP>
                        <PREP value="with">
                            <SELRESTRS/>
                        </PREP>
                        <NP value="Instrument">
                            <SYNRESTRS/>
                        </NP>
                    </SYNTAX>
                    <SEMANTICS>
                        <PRED value="cause">
                            <ARGS>
                                <ARG type="ThemRole" value="Agent"/>
                                <ARG type="Event" value="E"/>
                            </ARGS>
                        </PRED>
                        <PRED value="manner">
                            <ARGS>
                                <ARG type="Event" value="during(E)"/>
                                <ARG type="VerbSpecific" value="Motion"/>
                                <ARG type="ThemRole" value="Agent"/>
                            </ARGS>
                        </PRED>
                        <PRED value="contact">
                            <ARGS>
                                <ARG type="Event" value="during(E)"/>
                                <ARG type="ThemRole" value="Instrument"/>
                                <ARG type="ThemRole" value="Patient"/>
                            </ARGS>
                        </PRED>
                        <PRED value="degradation_material_integrity">
                            <ARGS>
                                <ARG type="Event" value="result(E)"/>
                                <ARG type="ThemRole" value="Patient"/>
                            </ARGS>
                        </PRED>
                        <PRED value="use">
                            <ARGS>
                                <ARG type="Event" value="during(E)"/>
                                <ARG type="ThemRole" value="Agent"/>
                                <ARG type="ThemRole" value="Instrument"/>
                            </ARGS>
                        </PRED>
                    </SEMANTICS>
                </FRAME>
                <FRAME>
                    <DESCRIPTION descriptionNumber="1.1.1" primary="NP V ADV-Middle" secondary="Middle Construction" xtag=""/>
                    <EXAMPLES>
                        <EXAMPLE>Marble carves easily.</EXAMPLE>
                    </EXAMPLES>
                    <SYNTAX>
                        <NP value="Patient">
                            <SYNRESTRS/>
                        </NP>
                        <VERB/>
                        <ADV/>
                    </SYNTAX>
                    <SEMANTICS>
                        <PRED value="property">
                            <ARGS>
                                <ARG type="ThemRole" value="Patient"/>
                                <ARG type="VerbSpecific" value="Prop"/>
                            </ARGS>
                        </PRED>
                        <PRED value="Adv">
                            <ARGS>
                                <ARG type="VerbSpecific" value="Prop"/>
                            </ARGS>
                        </PRED>
                    </SEMANTICS>
                </FRAME>
                <FRAME>
                    <DESCRIPTION descriptionNumber="3.3" primary="NP.instrument V NP" secondary="Instrument Subject Alternation" xtag=""/>
                    <EXAMPLES>
                        <EXAMPLE>That chisel carved the statue.</EXAMPLE>
                    </EXAMPLES>
                    <SYNTAX>
                        <NP value="Instrument">
                            <SYNRESTRS/>
                        </NP>
                        <VERB/>
                        <NP value="Patient">
                            <SYNRESTRS/>
                        </NP>
                    </SYNTAX>
                    <SEMANTICS>
                        <PRED value="contact">
                            <ARGS>
                                <ARG type="Event" value="during(E)"/>
                                <ARG type="ThemRole" value="Instrument"/>
                                <ARG type="ThemRole" value="Patient"/>
                            </ARGS>
                        </PRED>
                        <PRED value="degradation_material_integrity">
                            <ARGS>
                                <ARG type="Event" value="result(E)"/>
                                <ARG type="ThemRole" value="Patient"/>
                            </ARGS>
                        </PRED>
                    </SEMANTICS>
                </FRAME>
                <FRAME>
                    <DESCRIPTION descriptionNumber="1.2.6.2" primary="NP.instrument V ADV" secondary="Characteristic Property of Instrument" xtag=""/>
                    <EXAMPLES>
                        <EXAMPLE>That chisel carves well.</EXAMPLE>
                    </EXAMPLES>
                    <SYNTAX>
                        <NP value="Instrument">
                            <SYNRESTRS/>
                        </NP>
                        <VERB/>
                        <ADV/>
                    </SYNTAX>
                    <SEMANTICS>
                        <PRED value="property">
                            <ARGS>
                                <ARG type="ThemRole" value="Instrument"/>
                                <ARG type="VerbSpecific" value="Prop"/>
                            </ARGS>
                        </PRED>
                        <PRED value="Adv">
                            <ARGS>
                                <ARG type="VerbSpecific" value="Prop"/>
                            </ARGS>
                        </PRED>
                    </SEMANTICS>
                </FRAME>
            </FRAMES>
            <SUBCLASSES/>
        </VNSUBCLASS>
    </SUBCLASSES>
</VNCLASS>
