<?xml version="1.0" encoding="UTF-8"?>
<!DOCTYPE VNCLASS SYSTEM "vn_class-3.dtd">
<VNCLASS ID="confine-92" xmlns:xsi="http://www.w3.org/2001/XMLSchema-instance" xsi:noNamespaceSchemaLocation="vn_schema-3.xsd">
    <MEMBERS>
        <MEMBER name="charge" wn="charge%2:40:05" grouping="charge.06"/>
        <MEMBER name="institutionalize" wn="institutionalize%2:40:00" grouping=""/>
        <MEMBER name="incarcerate" wn="incarcerate%2:41:00" grouping=""/>
        <MEMBER name="hospitalize" wn="hospitalize%2:40:00" grouping=""/>
        <MEMBER name="detain" wn="detain%2:41:00" grouping="detain.01"/>        
        <MEMBER name="jail" wn="jail%2:41:00" grouping="jail.01"/>
        <MEMBER name="imprison" wn="imprison%2:41:00 imprison%2:41:01" grouping="imprison.01"/>
        <MEMBER name="jug" wn="jug%2:41:00" grouping=""/>
        <MEMBER name="hold" wn="hold%2:35:03" grouping="hold.02"/>
        <MEMBER name="immure" wn="immure%2:41:00" grouping=""/>
    </MEMBERS>
    <THEMROLES>
        <THEMROLE type="Agent">
            <SELRESTRS>
                <SELRESTR Value="+" type="animate"/>
                <SELRESTR Value="+" type="organization"/>
            </SELRESTRS>
        </THEMROLE>
        <THEMROLE type="Theme">
            <SELRESTRS/>
        </THEMROLE>
        <THEMROLE type="Destination">
            <SELRESTRS>
                <SELRESTR Value="+" type="location"/>
            </SELRESTRS>
        </THEMROLE>
    </THEMROLES>
    <FRAMES>
        <FRAME>
            <DESCRIPTION descriptionNumber="0.2" primary="NP V NP" secondary="Basic Transitive" xtag="0.2"/>
            <EXAMPLES>
                <EXAMPLE>We committed John.</EXAMPLE>
            </EXAMPLES>
            <SYNTAX>
                <NP value="Agent">
                    <SYNRESTRS/>
                </NP>
                <VERB/>
                <NP value="Theme">
                    <SYNRESTRS/>
                </NP>
            </SYNTAX>
            <SEMANTICS>
                <PRED bool="!" value="location">
                    <ARGS>
                        <ARG type="Event" value="start(E)"/>
                        <ARG type="ThemRole" value="Theme"/>
                        <ARG type="ThemRole" value="?Destination"/>
                    </ARGS>
                </PRED>
                <PRED value="location">
                    <ARGS>
                        <ARG type="Event" value="end(E)"/>
                        <ARG type="ThemRole" value="Theme"/>
                        <ARG type="ThemRole" value="?Destination"/>
                    </ARGS>
                </PRED>
                <PRED value="confined">
                    <ARGS>
                        <ARG type="Event" value="result(E)"/>
                        <ARG type="ThemRole" value="Theme"/>
                    </ARGS>
                </PRED>
                <PRED value="cause">
                    <ARGS>
                        <ARG type="ThemRole" value="Agent"/>
                        <ARG type="Event" value="E"/>
                    </ARGS>
                </PRED>
            </SEMANTICS>
        </FRAME>
    </FRAMES>
    <SUBCLASSES>
        <VNSUBCLASS ID="confine-92-1">
            <MEMBERS>
                <MEMBER name="commit" wn="commit%2:40:02" grouping="commit.03"/>
                <MEMBER name="recommit" wn="recommit%2:41:01 recommit%2:40:00" grouping="recommit.01"/>
                <MEMBER name="send" wn="send%2:40:00" grouping="send.02"/>
                <MEMBER name="confine" wn="confine%2:41:00" grouping="confine.02"/>
            </MEMBERS>
            <THEMROLES/>
            <FRAMES>
                <FRAME>
                    <DESCRIPTION descriptionNumber="8.1" primary="NP V NP PP.destination" secondary="NP-PP; to-PP" xtag="0.1"/>
                    <EXAMPLES>
                        <EXAMPLE>We committed John to prison.</EXAMPLE>
                    </EXAMPLES>
                    <SYNTAX>
                        <NP value="Agent">
                            <SYNRESTRS/>
                        </NP>
                        <VERB/>
                        <NP value="Theme">
                            <SYNRESTRS/>
                        </NP>
                        <PREP value="to">
                            <SELRESTRS/>
                        </PREP>
                        <NP value="Destination">
                            <SYNRESTRS/>
                        </NP>
                    </SYNTAX>
                    <SEMANTICS>
                        <PRED bool="!" value="location">
                            <ARGS>
                                <ARG type="Event" value="start(E)"/>
                                <ARG type="ThemRole" value="Theme"/>
                                <ARG type="ThemRole" value="Destination"/>
                            </ARGS>
                        </PRED>
                        <PRED value="location">
                            <ARGS>
                                <ARG type="Event" value="end(E)"/>
                                <ARG type="ThemRole" value="Theme"/>
                                <ARG type="ThemRole" value="Destination"/>
                            </ARGS>
                        </PRED>
                        <PRED value="confined">
                            <ARGS>
                                <ARG type="Event" value="result(E)"/>
                                <ARG type="ThemRole" value="Theme"/>
                            </ARGS>
                        </PRED>
                        <PRED value="cause">
                            <ARGS>
                                <ARG type="ThemRole" value="Agent"/>
                                <ARG type="Event" value="E"/>
                            </ARGS>
                        </PRED>
                    </SEMANTICS>
                </FRAME>
            </FRAMES>
            <SUBCLASSES/>
        </VNSUBCLASS>
    </SUBCLASSES>
</VNCLASS>



