<?xml version="1.0" encoding="UTF-8"?>
<!DOCTYPE VNCLASS SYSTEM "vn_class-3.dtd">
<VNCLASS ID="correspond-36.1" xmlns:xsi="http://www.w3.org/2001/XMLSchema-instance" xsi:noNamespaceSchemaLocation="vn_schema-3.xsd">
    <MEMBERS>
        <!--REMOVED "pair" misclassified-->
        <MEMBER name="banter" wn="banter%2:32:00" grouping=""/>
        <MEMBER name="bargain" wn="bargain%2:32:00" grouping=""/>
        <MEMBER name="coexist" wn="coexist%2:42:01" grouping=""/>
        <MEMBER name="collaborate" wn="collaborate%2:41:00 collaborate%2:41:01" grouping="collaborate.01"/>
        <MEMBER name="collide" wn="" grouping="collide.02"/>
        <MEMBER name="commiserate" wn="commiserate%2:37:00" grouping=""/>
        <MEMBER name="communicate" wn="communicate%2:32:02" grouping="communicate.01"/>
        <MEMBER name="compromise" wn="" grouping="compromise.01"/>
        <MEMBER name="cohabit" wn="" grouping=""/>
        <MEMBER name="concur" wn="concur%2:32:00" grouping="concur.01"/>
        <MEMBER name="confabulate" wn="confabulate%2:32:00 confabulate%2:32:01" grouping="confabulate.01"/>
        <MEMBER name="confer" wn="" grouping=""/>
        <MEMBER name="consort" wn="consort%2:41:12" grouping=""/>
        <MEMBER name="cooperate" wn="cooperate%2:41:00" grouping="cooperate.01"/>
        <MEMBER name="correspond" wn="correspond%2:32:00" grouping="correspond.02"/>
        <MEMBER name="decide" wn="decide%2:31:00 decide%2:31:01" grouping="decide.01"/>
        <MEMBER name="deliberate" wn="" grouping=""/>
        <MEMBER name="dissent" wn="dissent%2:32:01" grouping="dissent.01"/>
        <MEMBER name="disagree" wn="disagree%2:32:00" grouping="disagree.01"/>
        <MEMBER name="flirt" wn="flirt%2:32:00" grouping=""/>
        <MEMBER name="haggle" wn="haggle%2:40:00" grouping=""/>
        <MEMBER name="hobnob" wn="hobnob%2:41:00" grouping=""/>
        <MEMBER name="interact" wn="" grouping=""/>
        <MEMBER name="intermix" wn="" grouping=""/>
        <MEMBER name="mate" wn="mate%2:35:00 mate%2:35:02" grouping="mate.01 mate.02"/>
        <MEMBER name="mingle" wn="mingle%2:41:00" grouping=""/>
        <MEMBER name="mix" wn="?mix%2:30:00" grouping="mix.01"/>
        <MEMBER name="neck" wn="neck%2:35:00" grouping=""/>
        <MEMBER name="negotiate" wn="negotiate%2:32:00" grouping="negotiate.01"/>
        <MEMBER name="parley" wn="" grouping=""/>
        <MEMBER name="plot" wn="plot%2:31:00" grouping="plot.01"/>
        <MEMBER name="rendezvous" wn="rendezvous%2:41:00" grouping="rendezvous.01"/>
        <MEMBER name="renegotiate" wn="renegotiate%2:32:01" grouping=""/> 
        <MEMBER name="reunite" wn="" grouping=""/>
        <MEMBER name="spoon" wn="spoon%2:35:01" grouping=""/>
    </MEMBERS>
    <THEMROLES>
        <THEMROLE type="Agent">
            <SELRESTRS logic="or">
                <SELRESTR Value="+" type="animate"/>
                <SELRESTR Value="+" type="organization"/>
            </SELRESTRS>
        </THEMROLE>
        <THEMROLE type="Co-Agent">
            <SELRESTRS logic="or">
                <SELRESTR Value="+" type="animate"/>
                <SELRESTR Value="+" type="organization"/>
            </SELRESTRS>
        </THEMROLE>
        <THEMROLE type="Theme">
            <SELRESTRS/>
        </THEMROLE>
    </THEMROLES>
    <FRAMES>
        <FRAME>
            <DESCRIPTION descriptionNumber="0.1" primary="NP V" secondary="Intransitive; Plural Subject" xtag="0.2"/>
            <EXAMPLES>
                <EXAMPLE>They agreed.</EXAMPLE>
            </EXAMPLES>
            <SYNTAX>
                <NP value="Agent">
                    <SYNRESTRS>
                        <SYNRESTR Value="+" type="plural"/>
                    </SYNRESTRS>
                </NP>
                <VERB/>
            </SYNTAX>
            <SEMANTICS>
                <PRED value="social_interaction">
                    <ARGS>
                        <ARG type="Event" value="during(E)"/>
                        <ARG type="ThemRole" value="Agent_i"/>
                        <ARG type="ThemRole" value="Agent_j"/>
                    </ARGS>
                </PRED>
                <PRED value="about">
                    <ARGS>
                        <ARG type="Event" value="E"/>
                        <ARG type="ThemRole" value="?Theme"/>
                    </ARGS>
                </PRED>
            </SEMANTICS>
        </FRAME>
        <FRAME>
            <DESCRIPTION descriptionNumber="8.1" primary="NP V PP.theme S" secondary="P-POSSING; about-PP" xtag="0.2"/>
            <EXAMPLES>
                <EXAMPLE>They agreed about his coming.</EXAMPLE>
            </EXAMPLES>
            <SYNTAX>
                <NP value="Agent">
                    <SYNRESTRS>
                        <SYNRESTR Value="+" type="plural"/>
                    </SYNRESTRS>
                </NP>
                <VERB/>
                <PREP value="about">
                    <SELRESTRS/>
                </PREP>
                <NP value="Theme">
                    <SYNRESTRS>
                        <SYNRESTR Value="+" type="poss_ing"/>
                    </SYNRESTRS>
                </NP>
            </SYNTAX>
            <SEMANTICS>
                <PRED value="social_interaction">
                    <ARGS>
                        <ARG type="Event" value="during(E)"/>
                        <ARG type="ThemRole" value="Agent_i"/>
                        <ARG type="ThemRole" value="Agent_j"/>
                    </ARGS>
                </PRED>
                <PRED value="about">
                    <ARGS>
                        <ARG type="Event" value="E"/>
                        <ARG type="ThemRole" value="Theme"/>
                    </ARGS>
                </PRED>
            </SEMANTICS>
        </FRAME>
        <FRAME>
            <DESCRIPTION descriptionNumber="8.1" primary="NP V PP.theme whether/if S" secondary="P-WH-S; about-PP" xtag="0.2"/>
            <EXAMPLES>
                <EXAMPLE>They agreed about whether he should go.</EXAMPLE>
            </EXAMPLES>
            <SYNTAX>
                <NP value="Agent">
                    <SYNRESTRS>
                        <SYNRESTR Value="+" type="plural"/>
                    </SYNRESTRS>
                </NP>
                <VERB/>
                <PREP value="about">
                    <SELRESTRS/>
                </PREP>
                <NP value="Theme">
                    <SYNRESTRS>
                        <SYNRESTR Value="+" type="wh_comp"/>
                    </SYNRESTRS>
                </NP>
            </SYNTAX>
            <SEMANTICS>
                <PRED value="social_interaction">
                    <ARGS>
                        <ARG type="Event" value="during(E)"/>
                        <ARG type="ThemRole" value="Agent_i"/>
                        <ARG type="ThemRole" value="Agent_j"/>
                    </ARGS>
                </PRED>
                <PRED value="about">
                    <ARGS>
                        <ARG type="Event" value="E"/>
                        <ARG type="ThemRole" value="Theme"/>
                    </ARGS>
                </PRED>
            </SEMANTICS>
        </FRAME>
        <FRAME>
            <DESCRIPTION descriptionNumber="8.1" primary="NP V PP.theme what S" secondary="P-WHAT-S; about-PP" xtag="0.2"/>
            <EXAMPLES>
                <EXAMPLE>They agreed about what should be done.</EXAMPLE>
            </EXAMPLES>
            <SYNTAX>
                <NP value="Agent">
                    <SYNRESTRS>
                        <SYNRESTR Value="+" type="plural"/>
                    </SYNRESTRS>
                </NP>
                <VERB/>
                <PREP value="about">
                    <SELRESTRS/>
                </PREP>
                <NP value="Theme">
                    <SYNRESTRS>
                        <SYNRESTR Value="+" type="what_extract"/>
                    </SYNRESTRS>
                </NP>
            </SYNTAX>
            <SEMANTICS>
                <PRED value="social_interaction">
                    <ARGS>
                        <ARG type="Event" value="during(E)"/>
                        <ARG type="ThemRole" value="Agent_i"/>
                        <ARG type="ThemRole" value="Agent_j"/>
                    </ARGS>
                </PRED>
                <PRED value="about">
                    <ARGS>
                        <ARG type="Event" value="E"/>
                        <ARG type="ThemRole" value="Theme"/>
                    </ARGS>
                </PRED>
            </SEMANTICS>
        </FRAME>
        <FRAME>
            <DESCRIPTION descriptionNumber="8.1" primary="NP V PP.theme whether S_INF" secondary="P-WH-TO-INF; about-PP" xtag="0.2"/>
            <EXAMPLES>
                <EXAMPLE>They agreed about whether to go.</EXAMPLE>
            </EXAMPLES>
            <SYNTAX>
                <NP value="Agent">
                    <SYNRESTRS>
                        <SYNRESTR Value="+" type="plural"/>
                    </SYNRESTRS>
                </NP>
                <VERB/>
                <PREP value="about">
                    <SELRESTRS/>
                </PREP>
                <NP value="Theme">
                    <SYNRESTRS>
                        <SYNRESTR Value="+" type="wheth_inf"/>
                    </SYNRESTRS>
                </NP>
            </SYNTAX>
            <SEMANTICS>
                <PRED value="social_interaction">
                    <ARGS>
                        <ARG type="Event" value="during(E)"/>
                        <ARG type="ThemRole" value="Agent_i"/>
                        <ARG type="ThemRole" value="Agent_j"/>
                    </ARGS>
                </PRED>
                <PRED value="about">
                    <ARGS>
                        <ARG type="Event" value="E"/>
                        <ARG type="ThemRole" value="Theme"/>
                    </ARGS>
                </PRED>
            </SEMANTICS>
        </FRAME>
        <FRAME>
            <DESCRIPTION descriptionNumber="8.1" primary="NP V PP.theme what S_INF" secondary="P-WHAT-TO-INF; about-PP" xtag="0.2"/>
            <EXAMPLES>
                <EXAMPLE>They agreed about what to do.</EXAMPLE>
            </EXAMPLES>
            <SYNTAX>
                <NP value="Agent">
                    <SYNRESTRS>
                        <SYNRESTR Value="+" type="plural"/>
                    </SYNRESTRS>
                </NP>
                <VERB/>
                <PREP value="about">
                    <SELRESTRS/>
                </PREP>
                <NP value="Theme">
                    <SYNRESTRS>
                        <SYNRESTR Value="+" type="what_inf"/>
                    </SYNRESTRS>
                </NP>
            </SYNTAX>
            <SEMANTICS>
                <PRED value="social_interaction">
                    <ARGS>
                        <ARG type="Event" value="during(E)"/>
                        <ARG type="ThemRole" value="Agent_i"/>
                        <ARG type="ThemRole" value="Agent_j"/>
                    </ARGS>
                </PRED>
                <PRED value="about">
                    <ARGS>
                        <ARG type="Event" value="E"/>
                        <ARG type="ThemRole" value="Theme"/>
                    </ARGS>
                </PRED>
            </SEMANTICS>
        </FRAME>
        <FRAME>
            <DESCRIPTION descriptionNumber="8.1" primary="NP V PP.theme" secondary="PP; about-PP" xtag="0.2"/>
            <EXAMPLES>
                <EXAMPLE>They agreed about it.</EXAMPLE>
            </EXAMPLES>
            <SYNTAX>
                <NP value="Agent">
                    <SYNRESTRS>
                        <SYNRESTR Value="+" type="plural"/>
                    </SYNRESTRS>
                </NP>
                <VERB/>
                <PREP value="about">
                    <SELRESTRS/>
                </PREP>
                <NP value="Theme">
                    <SYNRESTRS>
                        <SYNRESTR Value="-" type="sentential"/>
                    </SYNRESTRS>
                </NP>
            </SYNTAX>
            <SEMANTICS>
                <PRED value="social_interaction">
                    <ARGS>
                        <ARG type="Event" value="during(E)"/>
                        <ARG type="ThemRole" value="Agent_i"/>
                        <ARG type="ThemRole" value="Agent_j"/>
                    </ARGS>
                </PRED>
                <PRED value="about">
                    <ARGS>
                        <ARG type="Event" value="E"/>
                        <ARG type="ThemRole" value="Theme"/>
                    </ARGS>
                </PRED>
            </SEMANTICS>
        </FRAME>
        <FRAME>
            <DESCRIPTION descriptionNumber="8.1" primary="NP V PP.co-agent PP.theme whether S" secondary="PP-P-WH-S; with-PP about-PP" xtag="0.2"/>
            <EXAMPLES>
                <EXAMPLE>They agreed with him about whether he should kill the peasants.</EXAMPLE>
            </EXAMPLES>
            <SYNTAX>
                <NP value="Agent">
                    <SYNRESTRS/>
                </NP>
                <VERB/>
                <PREP value="with">
                    <SELRESTRS/>
                </PREP>
                <NP value="Co-Agent">
                    <SYNRESTRS/>
                </NP>
                <PREP value="about">
                    <SELRESTRS/>
                </PREP>
                <NP value="Theme">
                    <SYNRESTRS>
                        <SYNRESTR Value="+" type="wh_comp"/>
                    </SYNRESTRS>
                </NP>
            </SYNTAX>
            <SEMANTICS>
                <PRED value="social_interaction">
                    <ARGS>
                        <ARG type="Event" value="during(E)"/>
                        <ARG type="ThemRole" value="Agent"/>
                        <ARG type="ThemRole" value="Co-Agent"/>
                    </ARGS>
                </PRED>
                <PRED value="about">
                    <ARGS>
                        <ARG type="Event" value="E"/>
                        <ARG type="ThemRole" value="Theme"/>
                    </ARGS>
                </PRED>
            </SEMANTICS>
        </FRAME>
        <FRAME>
            <DESCRIPTION descriptionNumber="8.1" primary="NP V PP.co-agent PP.theme what S" secondary="PP-P-WHAT-S; with-PP about-PP" xtag="0.2"/>
            <EXAMPLES>
                <EXAMPLE>They agreed with him about what he should do.</EXAMPLE>
            </EXAMPLES>
            <SYNTAX>
                <NP value="Agent">
                    <SYNRESTRS/>
                </NP>
                <VERB/>
                <PREP value="with">
                    <SELRESTRS/>
                </PREP>
                <NP value="Co-Agent">
                    <SYNRESTRS/>
                </NP>
                <PREP value="about">
                    <SELRESTRS/>
                </PREP>
                <NP value="Theme">
                    <SYNRESTRS>
                        <SYNRESTR Value="+" type="what_extract"/>
                    </SYNRESTRS>
                </NP>
            </SYNTAX>
            <SEMANTICS>
                <PRED value="social_interaction">
                    <ARGS>
                        <ARG type="Event" value="during(E)"/>
                        <ARG type="ThemRole" value="Agent"/>
                        <ARG type="ThemRole" value="Co-Agent"/>
                    </ARGS>
                </PRED>
                <PRED value="about">
                    <ARGS>
                        <ARG type="Event" value="E"/>
                        <ARG type="ThemRole" value="Theme"/>
                    </ARGS>
                </PRED>
            </SEMANTICS>
        </FRAME>
        <FRAME>
            <DESCRIPTION descriptionNumber="8.1" primary="NP V PP.co-agent PP.theme what S_INF" secondary="PP-P-WHAT-TO-INF; with-PP about-PP" xtag="0.2"/>
            <EXAMPLES>
                <EXAMPLE>They agreed with him about what to do.</EXAMPLE>
            </EXAMPLES>
            <SYNTAX>
                <NP value="Agent">
                    <SYNRESTRS/>
                </NP>
                <VERB/>
                <PREP value="with">
                    <SELRESTRS/>
                </PREP>
                <NP value="Co-Agent">
                    <SYNRESTRS/>
                </NP>
                <PREP value="about">
                    <SELRESTRS/>
                </PREP>
                <NP value="Theme">
                    <SYNRESTRS>
                        <SYNRESTR Value="+" type="what_inf"/>
                    </SYNRESTRS>
                </NP>
            </SYNTAX>
            <SEMANTICS>
                <PRED value="social_interaction">
                    <ARGS>
                        <ARG type="Event" value="during(E)"/>
                        <ARG type="ThemRole" value="Agent"/>
                        <ARG type="ThemRole" value="Co-Agent"/>
                    </ARGS>
                </PRED>
                <PRED value="about">
                    <ARGS>
                        <ARG type="Event" value="E"/>
                        <ARG type="ThemRole" value="Theme"/>
                    </ARGS>
                </PRED>
            </SEMANTICS>
        </FRAME>
        <FRAME>
            <DESCRIPTION descriptionNumber="8.1" primary="NP V PP.co-agent PP.theme whether S_INF" secondary="PP-P-WH-TO-INF; with-PP about-PP" xtag="0.2"/>
            <EXAMPLES>
                <EXAMPLE>They agreed with him about whether to go.</EXAMPLE>
            </EXAMPLES>
            <SYNTAX>
                <NP value="Agent">
                    <SYNRESTRS/>
                </NP>
                <VERB/>
                <PREP value="with">
                    <SELRESTRS/>
                </PREP>
                <NP value="Co-Agent">
                    <SYNRESTRS/>
                </NP>
                <PREP value="about">
                    <SELRESTRS/>
                </PREP>
                <NP value="Theme">
                    <SYNRESTRS>
                        <SYNRESTR Value="+" type="wheth_inf"/>
                    </SYNRESTRS>
                </NP>
            </SYNTAX>
            <SEMANTICS>
                <PRED value="social_interaction">
                    <ARGS>
                        <ARG type="Event" value="during(E)"/>
                        <ARG type="ThemRole" value="Agent"/>
                        <ARG type="ThemRole" value="Co-Agent"/>
                    </ARGS>
                </PRED>
                <PRED value="about">
                    <ARGS>
                        <ARG type="Event" value="E"/>
                        <ARG type="ThemRole" value="Theme"/>
                    </ARGS>
                </PRED>
            </SEMANTICS>
        </FRAME>
        <FRAME>
            <DESCRIPTION descriptionNumber="8.1" primary="NP V PP.co-agent PP.theme" secondary="PP-PP; with-PP about-PP" xtag="0.2"/>
            <EXAMPLES>
                <EXAMPLE>They agreed with him about it.</EXAMPLE>
            </EXAMPLES>
            <SYNTAX>
                <NP value="Agent">
                    <SYNRESTRS/>
                </NP>
                <VERB/>
                <PREP value="with">
                    <SELRESTRS/>
                </PREP>
                <NP value="Co-Agent">
                    <SYNRESTRS/>
                </NP>
                <PREP value="about">
                    <SELRESTRS/>
                </PREP>
                <NP value="Theme">
                    <SYNRESTRS>
                        <SYNRESTR Value="-" type="sentential"/>
                    </SYNRESTRS>
                </NP>
            </SYNTAX>
            <SEMANTICS>
                <PRED value="social_interaction">
                    <ARGS>
                        <ARG type="Event" value="during(E)"/>
                        <ARG type="ThemRole" value="Agent"/>
                        <ARG type="ThemRole" value="Co-Agent"/>
                    </ARGS>
                </PRED>
                <PRED value="about">
                    <ARGS>
                        <ARG type="Event" value="E"/>
                        <ARG type="ThemRole" value="Theme"/>
                    </ARGS>
                </PRED>
            </SEMANTICS>
        </FRAME>
        <FRAME>
            <DESCRIPTION descriptionNumber="8.1" primary="NP V what S" secondary="WHAT-S" xtag="0.2"/>
            <EXAMPLES>
                <EXAMPLE>We agreed what he should do.</EXAMPLE>
            </EXAMPLES>
            <SYNTAX>
                <NP value="Agent">
                    <SYNRESTRS>
                        <SYNRESTR Value="+" type="plural"/>
                    </SYNRESTRS>
                </NP>
                <VERB/>
                <NP value="Theme">
                    <SYNRESTRS>
                        <SYNRESTR Value="+" type="what_extract"/>
                    </SYNRESTRS>
                </NP>
            </SYNTAX>
            <SEMANTICS>
                <PRED value="social_interaction">
                    <ARGS>
                        <ARG type="Event" value="during(E)"/>
                        <ARG type="ThemRole" value="Agent_i"/>
                        <ARG type="ThemRole" value="Agent_j"/>
                    </ARGS>
                </PRED>
                <PRED value="about">
                    <ARGS>
                        <ARG type="Event" value="E"/>
                        <ARG type="ThemRole" value="Theme"/>
                    </ARGS>
                </PRED>
            </SEMANTICS>
        </FRAME>
    </FRAMES>
    <SUBCLASSES>
        <VNSUBCLASS ID="correspond-36.1-1">
            <MEMBERS>
                <MEMBER name="agree" wn="agree%2:32:00 agree%2:32:01 agree%2:42:00" grouping="agree.01 agree.02 agree.03"/>
            </MEMBERS>
            <THEMROLES/>
            <FRAMES>
                <FRAME>
                    <DESCRIPTION descriptionNumber="8.1" primary="NP V PP.co-agent how S" secondary="PP-HOW-S; with-PP"  xtag="0.1"/>
                    <EXAMPLES>
                        <EXAMPLE>They agreed with her how it should be done.</EXAMPLE>
                    </EXAMPLES>
                    <SYNTAX>
                        <NP value="Agent">
                            <SYNRESTRS/>
                        </NP>
                        <VERB/>
                        <PREP value="with">
                            <SELRESTRS/>
                        </PREP>
                        <NP value="Co-Agent">
                            <SYNRESTRS/>
                        </NP>
                        <NP value="Theme">
                            <SYNRESTRS>
                                <SYNRESTR Value="+" type="how_extract"/>
                            </SYNRESTRS>
                        </NP>
                    </SYNTAX>
                    <SEMANTICS>
                        <PRED value="social_interaction">
                            <ARGS>
                                <ARG type="Event" value="during(E)"/>
                                <ARG type="ThemRole" value="Agent"/>
                                <ARG type="ThemRole" value="Co-Agent"/>
                            </ARGS>
                        </PRED>
                        <PRED value="about">
                            <ARGS>
                                <ARG type="Event" value="E"/>
                                <ARG type="ThemRole" value="Theme"/>
                            </ARGS>
                        </PRED>
                    </SEMANTICS>
                </FRAME>
                <FRAME>
                    <DESCRIPTION descriptionNumber="8.1" primary="NP V PP.co-agent how S_INF" secondary="PP-HOW-TO-INF; with-PP" xtag="0.1"/>
                    <EXAMPLES>
                        <EXAMPLE>They agreed with her how to do it.</EXAMPLE>
                    </EXAMPLES>
                    <SYNTAX>
                        <NP value="Agent">
                            <SYNRESTRS/>
                        </NP>
                        <VERB/>
                        <PREP value="with">
                            <SELRESTRS/>
                        </PREP>
                        <NP value="Co-Agent">
                            <SYNRESTRS/>
                        </NP>
                        <NP value="Theme">
                            <SYNRESTRS>
                                <SYNRESTR Value="+" type="wh_inf"/>
                            </SYNRESTRS>
                        </NP>
                    </SYNTAX>
                    <SEMANTICS>
                        <PRED value="social_interaction">
                            <ARGS>
                                <ARG type="Event" value="during(E)"/>
                                <ARG type="ThemRole" value="Agent"/>
                                <ARG type="ThemRole" value="Co-Agent"/>
                            </ARGS>
                        </PRED>
                        <PRED value="about">
                            <ARGS>
                                <ARG type="Event" value="E"/>
                                <ARG type="ThemRole" value="Theme"/>
                            </ARGS>
                        </PRED>
                    </SEMANTICS>
                </FRAME>
                <FRAME>
                    <DESCRIPTION descriptionNumber="8.1" primary="NP V what S_INF" secondary="WHAT-TO-INF" xtag="0.1"/>
                    <EXAMPLES>
                        <EXAMPLE>We agreed what to do.</EXAMPLE>
                    </EXAMPLES>
                    <SYNTAX>
                        <NP value="Agent">
                            <SYNRESTRS>
                                <SYNRESTR Value="+" type="plural"/>
                            </SYNRESTRS>
                        </NP>
                        <VERB/>
                        <NP value="Theme">
                            <SYNRESTRS>
                                <SYNRESTR Value="+" type="what_inf"/>
                            </SYNRESTRS>
                        </NP>
                    </SYNTAX>
                    <SEMANTICS>
                        <PRED value="social_interaction">
                            <ARGS>
                                <ARG type="Event" value="during(E)"/>
                                <ARG type="ThemRole" value="Agent_i"/>
                                <ARG type="ThemRole" value="Agent_j"/>
                            </ARGS>
                        </PRED>
                        <PRED value="about">
                            <ARGS>
                                <ARG type="Event" value="E"/>
                                <ARG type="ThemRole" value="Theme"/>
                            </ARGS>
                        </PRED>
                    </SEMANTICS>
                </FRAME>
            </FRAMES>
            <SUBCLASSES>
                <VNSUBCLASS ID="correspond-36.1-1-1">
                    <MEMBERS>
                        <MEMBER name="debate" wn="debate%2:32:01" grouping="debate.01"/>
                        <MEMBER name="argue" wn="argue%2:32:00" grouping="argue.01"/>
                    </MEMBERS>
                    <THEMROLES>
                    </THEMROLES>
                    <FRAMES>
                        <FRAME>
                            <DESCRIPTION descriptionNumber="" primary="NP V whether/if S" secondary="WH-S" xtag=""/>
                            <EXAMPLES>
                                <EXAMPLE>We agreed whether he should come.</EXAMPLE>
                            </EXAMPLES>
                            <SYNTAX>
                                <NP value="Agent">
                                    <SYNRESTRS>
                                        <SYNRESTR Value="+" type="plural"/>
                                    </SYNRESTRS>
                                </NP>
                                <VERB/>
                                <NP value="Theme">
                                    <SYNRESTRS>
                                        <SYNRESTR Value="+" type="wh_comp"/>
                                    </SYNRESTRS>
                                </NP>
                            </SYNTAX>
                            <SEMANTICS>
                                <PRED value="social_interaction">
                                    <ARGS>
                                        <ARG type="Event" value="during(E)"/>
                                        <ARG type="ThemRole" value="Agent_i"/>
                                        <ARG type="ThemRole" value="Agent_j"/>
                                    </ARGS>
                                </PRED>
                                <PRED value="about">
                                    <ARGS>
                                        <ARG type="Event" value="E"/>
                                        <ARG type="ThemRole" value="Theme"/>
                                    </ARGS>
                                </PRED>
                            </SEMANTICS>
                        </FRAME>
                        <FRAME>
                            <DESCRIPTION descriptionNumber="" primary="NP V whether S_INF" secondary="WH-TO-INF" xtag=""/>
                            <EXAMPLES>
                                <EXAMPLE>We debated whether to clean the house.</EXAMPLE>
                            </EXAMPLES>
                            <SYNTAX>
                                <NP value="Agent">
                                    <SYNRESTRS>
                                        <SYNRESTR Value="+" type="plural"/>
                                    </SYNRESTRS>
                                </NP>
                                <VERB/>
                                <NP value="Theme">
                                    <SYNRESTRS>
                                        <SYNRESTR Value="+" type="wheth_inf"/>
                                    </SYNRESTRS>
                                </NP>
                            </SYNTAX>
                            <SEMANTICS>
                                <PRED value="social_interaction">
                                    <ARGS>
                                        <ARG type="Event" value="during(E)"/>
                                        <ARG type="ThemRole" value="Agent_i"/>
                                        <ARG type="ThemRole" value="Agent_j"/>
                                    </ARGS>
                                </PRED>
                                <PRED value="about">
                                    <ARGS>
                                        <ARG type="Event" value="E"/>
                                        <ARG type="ThemRole" value="Theme"/>
                                    </ARGS>
                                </PRED>
                            </SEMANTICS>
                        </FRAME>
                    </FRAMES>
                    <SUBCLASSES/>
                </VNSUBCLASS>
            </SUBCLASSES>
        </VNSUBCLASS>
    </SUBCLASSES>
</VNCLASS>




