<?xml version="1.0" encoding="UTF-8"?>
<!DOCTYPE VNCLASS SYSTEM "vn_class-3.dtd">
<VNCLASS ID="crane-40.3.2" xmlns:xsi="http://www.w3.org/2001/XMLSchema-instance" xsi:noNamespaceSchemaLocation="vn_schema-3.xsd">
    <MEMBERS>
        <MEMBER name="arch" wn="arch%2:38:00" grouping=""/>
        <MEMBER name="bare" wn="bare%2:35:00" grouping="bare.01"/>
        <MEMBER name="bat" wn="bat%2:29:00" grouping="bat.03"/>
        <MEMBER name="beat" wn="beat%2:35:10" grouping="beat.02"/>
        <MEMBER name="blow" wn="blow%2:29:01" grouping="blow.01"/>
        <MEMBER name="clench" wn="clench%2:35:02" grouping=""/>
        <MEMBER name="click" wn="click%2:35:00" grouping="click.02"/>
        <MEMBER name="close" wn="close%2:35:00" grouping="close.01"/>
        <MEMBER name="cock" wn="cock%2:38:01" grouping="cock.01"/>
        <MEMBER name="crane" wn="crane%2:29:00" grouping=""/>
        <MEMBER name="crook" wn="crook%2:38:00" grouping=""/>
        <MEMBER name="cross" wn="cross%2:38:04" grouping="cross.04"/>
        <MEMBER name="drum" wn="" grouping="drum.01"/>
        <MEMBER name="flap" wn="flap%2:38:03" grouping="flap.01"/>
        <MEMBER name="flash" wn="flash%2:39:02" grouping="flash.02"/>
        <MEMBER name="flex" wn="flex%2:38:01" grouping="flex.01"/>
        <MEMBER name="flick" wn="flick%2:35:02" grouping="flick.04"/>
        <MEMBER name="flutter" wn="flutter%2:29:00" grouping="flutter.01"/>
        <MEMBER name="fold" wn="fold%2:35:00" grouping="fold.02"/>
        <MEMBER name="gnash" wn="gnash%2:29:00" grouping=""/>
        <MEMBER name="grind" wn="grind%2:35:00" grouping="grind.01"/>
        <MEMBER name="hang" wn="hang%2:38:03" grouping="hang.03"/>
        <MEMBER name="hunch" wn="hunch%2:38:00" grouping=""/>
        <MEMBER name="kick" wn="kick%2:38:00 kick%2:38:01" grouping="kick.01"/>
        <MEMBER name="knit" wn="?knit%2:35:00" grouping="knit.03"/>
        <MEMBER name="open" wn="open%2:35:00" grouping="open.01"/>
        <MEMBER name="pucker" wn="pucker%2:35:00" grouping=""/>
        <MEMBER name="purse" wn="purse%2:30:00 purse%2:35:00" grouping=""/>
        <MEMBER name="raise" wn="raise%2:38:00 raise%2:38:02" grouping="raise.02"/>
        <MEMBER name="roll" wn="roll%2:38:00" grouping="roll.01"/>
        <MEMBER name="rub" wn="" grouping="rub.01"/>
        <MEMBER name="shake" wn="shake%2:38:00 shake%2:30:01" grouping="shake.01"/>
        <MEMBER name="show" wn="?show%2:39:02" grouping="show.03"/>
        <MEMBER name="shuffle" wn="shuffle%2:38:00" grouping="shuffle.01"/>
        <MEMBER name="smack" wn="smack%2:34:00" grouping="smack.04"/>
        <MEMBER name="snap" wn="snap%2:35:02" grouping="snap.04"/>
        <MEMBER name="stamp" wn="?stamp%2:38:00" grouping="stamp.01"/>
        <MEMBER name="stretch" wn="stretch%2:29:01" grouping="stretch.02"/>
        <MEMBER name="toss" wn="" grouping="toss.02"/>
        <MEMBER name="turn" wn="turn%2:38:13" grouping="turn.08"/>
        <MEMBER name="twiddle" wn="twiddle%2:35:00" grouping=""/>
        <MEMBER name="twitch" wn="?twitch%2:38:01" grouping=""/>
        <MEMBER name="wag" wn="wag%2:38:00" grouping=""/>
        <MEMBER name="waggle" wn="waggle%2:38:00" grouping=""/>
        <MEMBER name="wiggle" wn="wiggle%2:38:00" grouping=""/>
        <MEMBER name="wring" wn="wring%2:35:00" grouping="wring.01"/>
        <MEMBER name="wrinkle" wn="wrinkle%2:35:01 wrinkle%2:35:02" grouping=""/>
    </MEMBERS>
    <THEMROLES>
        <THEMROLE type="Agent">
            <SELRESTRS>
                <SELRESTR Value="+" type="animate"/>
            </SELRESTRS>
        </THEMROLE>
        <THEMROLE type="Patient">
            <SELRESTRS>
                <SELRESTR Value="+" type="body_part"/>
            </SELRESTRS>
        </THEMROLE>
        <THEMROLE type="Theme">
            <SELRESTRS>
                <SELRESTR Value="+" type="communication"/>
            </SELRESTRS>
        </THEMROLE>
        <THEMROLE type="Recipient">
            <SELRESTRS>
                <SELRESTR Value="+" type="animate"/>
            </SELRESTRS>
        </THEMROLE>
        <!--Each verb specifies what body part is allowed as the Patient-->
    </THEMROLES>
    <FRAMES>
        <FRAME>
            <DESCRIPTION descriptionNumber="0.2" primary="NP V NP" secondary="Basic Transitive" xtag="0.2"/>
            <EXAMPLES>
                <EXAMPLE>Jennifer craned her neck.</EXAMPLE>
            </EXAMPLES>
            <SYNTAX>
                <NP value="Agent">
                    <SYNRESTRS/>
                </NP>
                <VERB/>
                <NP value="Patient">
                    <SYNRESTRS/>
                </NP>
            </SYNTAX>
            <SEMANTICS>
                <PRED value="cause">
                    <ARGS>
                        <ARG type="ThemRole" value="Agent"/>
                        <ARG type="Event" value="E"/>
                    </ARGS>
                </PRED>
                <PRED value="transfer_info">
                    <ARGS>
                        <ARG type="Event" value="during(E)"/>
                        <ARG type="ThemRole" value="Agent"/>
                        <ARG type="ThemRole" value="?Recipient"/>
                        <ARG type="ThemRole" value="?Theme"/>
                    </ARGS>
                </PRED>
            </SEMANTICS>
        </FRAME>
        <FRAME>
            <DESCRIPTION descriptionNumber="0.2" primary="NP V NP PP.recipient" secondary="NP-PP; Recipient-PP" xtag=""/>
            <EXAMPLES>
                <EXAMPLE>Jennifer wagged her finger at the naughty child.</EXAMPLE>
            </EXAMPLES>
            <SYNTAX>
                <NP value="Agent">
                    <SYNRESTRS/>
                </NP>
                <VERB/>
                <NP value="Patient">
                    <SYNRESTRS/>
                </NP>
                <PREP>
                    <SELRESTRS>
                        <SELRESTR Value="+" type="dest_dir"/>
                    </SELRESTRS>
                </PREP>
                <NP value="Recipient">
                    <SYNRESTRS/>
                </NP>
            </SYNTAX>
            <SEMANTICS>
                <PRED value="cause">
                    <ARGS>
                        <ARG type="ThemRole" value="Agent"/>
                        <ARG type="Event" value="E"/>
                    </ARGS>
                </PRED>
                <PRED value="transfer_info">
                    <ARGS>
                        <ARG type="Event" value="during(E)"/>
                        <ARG type="ThemRole" value="Agent"/>
                        <ARG type="ThemRole" value="Recipient"/>
                        <ARG type="ThemRole" value="?Theme"/>
                    </ARGS>
                </PRED>
            </SEMANTICS>
        </FRAME>
         <FRAME>
            <DESCRIPTION descriptionNumber="0.2" primary="NP V NP PP.recipient PP.theme" secondary="NP-PP-PP; Recipient-PP Theme-PP" xtag=""/>
            <EXAMPLES>
                <EXAMPLE>Jennifer wagged her finger at the naughty child in disapproval.</EXAMPLE>
            </EXAMPLES>
            <SYNTAX>
                <NP value="Agent">
                    <SYNRESTRS/>
                </NP>
                <VERB/>
                <NP value="Patient">
                    <SYNRESTRS/>
                </NP>
                <PREP>
                    <SELRESTRS>
                        <SELRESTR Value="+" type="dest_dir"/>
                    </SELRESTRS>
                </PREP>
                <NP value="Recipient">
                    <SYNRESTRS/>
                </NP>
                 <PREP value="in">
                    <SELRESTRS/>
                </PREP>
                <NP value="Theme">
                    <SYNRESTRS/>
                </NP>
            </SYNTAX>
            <SEMANTICS>
                <PRED value="cause">
                    <ARGS>
                        <ARG type="ThemRole" value="Agent"/>
                        <ARG type="Event" value="E"/>
                    </ARGS>
                </PRED>
                <PRED value="transfer_info">
                    <ARGS>
                        <ARG type="Event" value="during(E)"/>
                        <ARG type="ThemRole" value="Agent"/>
                        <ARG type="ThemRole" value="Recipient"/>
                        <ARG type="ThemRole" value="Theme"/>
                    </ARGS>
                </PRED>
            </SEMANTICS>
        </FRAME>
        </FRAMES>
    <SUBCLASSES/>
</VNCLASS>

