<?xml version="1.0" encoding="UTF-8"?>
<!DOCTYPE VNCLASS SYSTEM "vn_class-3.dtd">
<VNCLASS ID="differ-23.4" xmlns:xsi="http://www.w3.org/2001/XMLSchema-instance" xsi:noNamespaceSchemaLocation="vn_schema-3.xsd">
    <MEMBERS>
        <MEMBER name="branch" wn="" grouping=""/>
        <MEMBER name="deviate" wn="deviate%2:38:00 deviate%2:42:00 deviate%2:38:01" grouping="deviate.01"/>
        <MEMBER name="differ" wn="differ%2:42:00" grouping="differ.01"/>
        <MEMBER name="diverge" wn="diverge%2:38:00 diverge%2:42:02 diverge%2:42:01" grouping="diverge.01"/>
        <MEMBER name="vary" wn="vary%2:30:01 vary%2:42:00 vary%2:42:01 vary%2:30:04" grouping="vary.01 vary.02"/>
    </MEMBERS>
    <THEMROLES>
        <THEMROLE type="Theme">
            <SELRESTRS/>
        </THEMROLE>
        <THEMROLE type="Co-Theme">
            <SELRESTRS/>
        </THEMROLE>
    </THEMROLES>
    <FRAMES>
        <FRAME>
            <DESCRIPTION descriptionNumber="0.1" primary="NP V PP.co-theme" secondary="PP; from/with-PP" xtag=""/>
            <EXAMPLES>
                <EXAMPLE>The winter schedule differed from the spring schedule.</EXAMPLE>
            </EXAMPLES>
            <SYNTAX>
                <NP value="Theme">
                    <SYNRESTRS/>
                </NP>
                <VERB/>
                <PREP value="from with">
                    <SELRESTRS/>
                </PREP>
                <NP value="Co-Theme">
                    <SYNRESTRS/>
                </NP>
            </SYNTAX>
            <SEMANTICS>
                <PRED value="different">
                    <ARGS>
                        <ARG type="ThemRole" value="Theme"/>
                        <ARG type="ThemRole" value="Co-Theme"/>
                    </ARGS>
                </PRED>
            </SEMANTICS>
        </FRAME>
        <FRAME>
            <DESCRIPTION descriptionNumber="2.5.4" primary="NP V" secondary="Simple Reciprocal Intransitive" xtag=""/>
            <EXAMPLES>
                <EXAMPLE>This flyer and that flyer differ.</EXAMPLE>
            </EXAMPLES>
            <SYNTAX>
                <NP value="Theme">
                    <SYNRESTRS>
                        <SYNRESTR Value="+" type="plural"/>
                    </SYNRESTRS>
                </NP>
                <VERB/>
            </SYNTAX>
            <SEMANTICS>
                <PRED value="different">
                    <ARGS>
                        <ARG type="ThemRole" value="Theme"/>
                        <ARG type="ThemRole" value="Co-Theme"/>
                    </ARGS>
                </PRED>
            </SEMANTICS>
        </FRAME>
    </FRAMES>
    <SUBCLASSES/>
</VNCLASS>
