<?xml version="1.0" encoding="UTF-8"?>
<!DOCTYPE VNCLASS SYSTEM "vn_class-3.dtd">
<VNCLASS ID="engender-27" xmlns:xsi="http://www.w3.org/2001/XMLSchema-instance" xsi:noNamespaceSchemaLocation="vn_schema-3.xsd">
    <MEMBERS>
        <!--"shape" should be in a separate (sub)class with a different semantics-->
        <MEMBER name="beget" wn="" grouping=""/>
        <MEMBER name="bring_about" wn="" grouping=""/>
        <MEMBER name="cause" wn="cause%2:36:00" grouping="cause.01"/>
        <MEMBER name="create" wn="create%2:36:00 create%2:36:02" grouping="create.01"/>
        <MEMBER name="engender" wn="engender%2:36:00" grouping=""/>
        <MEMBER name="generate" wn="generate%2:36:00" grouping="generate.01"/>
        <MEMBER name="incite" wn="incite%2:32:00" grouping="incite.01"/>
        <MEMBER name="inspire" wn="inspire%2:37:00 inspire%2:36:00" grouping="inspire.01"/>
        <MEMBER name="instigate" wn="instigate%2:32:00" grouping=""/>
        <MEMBER name="kindle" wn="kindle%2:37:00" grouping=""/>
        <MEMBER name="produce" wn="produce%2:36:03" grouping="produce.01"/>
        <MEMBER name="provoke" wn="provoke%2:37:00 provoke%2:36:00" grouping="provoke.01"/>
        <MEMBER name="set_off" wn="set_off%2:32:00 set_off%2:36:00" grouping=""/>
        <MEMBER name="shape" wn="shape%2:31:00" grouping="shape.02"/>
        <MEMBER name="sire" wn="" grouping=""/>
        <MEMBER name="spark" wn="spark%2:36:00" grouping="spark.01"/>
        <MEMBER name="spawn" wn="spawn%2:36:00" grouping="spawn.01"/>
        <MEMBER name="actuate" wn="actuate%2:36:00" grouping=""/>
        <MEMBER name="arouse" wn="arouse%2:36:00" grouping=""/>
        <MEMBER name="call_forth" wn="call_forth%2:36:01 call_forth%2:36:00" grouping="call.02"/>
        <MEMBER name="elicit" wn="" grouping=""/>
        <MEMBER name="prompt" wn="prompt%2:36:00" grouping="prompt.01"/>
        <MEMBER name="stimulate" wn="stimulate%2:36:00 stimulate%2:32:00" grouping="stimulate.01"/>
        <MEMBER name="stir_up" wn="stir_up%2:32:00" grouping="stir.02"/>
    </MEMBERS>
    <THEMROLES>
        <THEMROLE type="Cause">
            <SELRESTRS>
                <SELRESTR Value="+" type="abstract"/>
            </SELRESTRS>
        </THEMROLE>
        <THEMROLE type="Theme">
            <SELRESTRS>
                <SELRESTR Value="+" type="abstract"/>
            </SELRESTRS>
        </THEMROLE>
        <THEMROLE type="Predicate">
            <SELRESTRS/>
        </THEMROLE>
    </THEMROLES>
    <FRAMES>
        <FRAME>
            <DESCRIPTION descriptionNumber="0.2" primary="NP V NP" secondary="Basic Transitive" xtag="0.2"/>
            <EXAMPLES>
                <EXAMPLE>Racial inequality engenders conflict.</EXAMPLE>
            </EXAMPLES>
            <SYNTAX>
                <NP value="Cause">
                    <SYNRESTRS/>
                </NP>
                <VERB/>
                <NP value="Theme">
                    <SYNRESTRS/>
                </NP>
            </SYNTAX>
            <SEMANTICS>
                <PRED bool="!" value="exist">
                    <ARGS>
                        <ARG type="Event" value="start(E)"/>
                        <ARG type="ThemRole" value="Theme"/>
                    </ARGS>
                </PRED>
                <PRED value="exist">
                    <ARGS>
                        <ARG type="Event" value="result(E)"/>
                        <ARG type="ThemRole" value="Theme"/>
                    </ARGS>
                </PRED>
                <PRED value="nonagentive_cause">
                    <ARGS>
                        <ARG type="ThemRole" value="Cause"/>
                        <ARG type="Event" value="E"/>
                    </ARGS>
                </PRED>
            </SEMANTICS>
        </FRAME>
        <FRAME>
            <DESCRIPTION descriptionNumber="" primary="NP V NP that S" secondary="S" xtag=""/>
            <EXAMPLES>
                <EXAMPLE>The bug causes the chip to give wrong answers for some mathematical calculations.</EXAMPLE>
            </EXAMPLES>
            <SYNTAX>
                <NP value="Cause">
                    <SYNRESTRS/>
                </NP>
                <VERB/>
                <NP value="Theme">
                    <SYNRESTRS/>
                </NP>
                <NP value="Predicate">
                    <SYNRESTRS>
                        <SYNRESTR Value="+" type="that_comp"/>
                    </SYNRESTRS>
                </NP>
            </SYNTAX>
            <SEMANTICS>
                <PRED bool="!" value="exist">
                    <ARGS>
                        <ARG type="Event" value="start(E)"/>
                        <ARG type="ThemRole" value="Theme"/>
                    </ARGS>
                </PRED>
                <PRED value="exist">
                    <ARGS>
                        <ARG type="Event" value="result(E)"/>
                        <ARG type="ThemRole" value="Theme"/>
                    </ARGS>
                </PRED>
                <PRED value="nonagentive_cause">
                    <ARGS>
                        <ARG type="ThemRole" value="Cause"/>
                        <ARG type="Event" value="E"/>
                    </ARGS>
                </PRED>
            </SEMANTICS>
        </FRAME>
    </FRAMES>
    <SUBCLASSES/>
</VNCLASS>
