<?xml version="1.0" encoding="UTF-8"?>
<!DOCTYPE VNCLASS SYSTEM "vn_class-3.dtd">
<VNCLASS ID="ensure-99" xmlns:xsi="http://www.w3.org/2001/XMLSchema-instance" xsi:noNamespaceSchemaLocation="vn_schema-3.xsd">
    <MEMBERS>
        <MEMBER name="ensure" wn="ensure%2:32:00" grouping="ensure.01"/>
        <MEMBER name="assure" wn="assure%2:32:03" grouping="assure.02"/>
        <MEMBER name="guarantee" wn="guarantee%2:32:03" grouping="guarantee.02"/>
        <MEMBER name="insure" wn="insure%2:32:04" grouping="insure.02"/>
        <MEMBER name="secure" wn="secure%2:32:00" grouping="secure.01"/>
        <MEMBER name="ascertain" wn="ascertain%2:31:00" grouping="ascertain.02"/>
        <MEMBER name="reinsure" wn="reinsure%2:40:00 reinsure%2:32:00 reinsure%2:32:01" grouping=""/>
    </MEMBERS>
    <THEMROLES>
        <THEMROLE type="Cause">
            <SELRESTRS/>
        </THEMROLE>
        <THEMROLE type="Theme">
            <SELRESTRS/>
        </THEMROLE>
        <THEMROLE type="Beneficiary">
            <SELRESTRS/>
        </THEMROLE>
    </THEMROLES>
    <FRAMES>
        <FRAME>
            <DESCRIPTION descriptionNumber="0.2" primary="NP V NP" secondary="NP" xtag="0.2"/>
            <EXAMPLES>
                <EXAMPLE>Our exertions ensured a good outcome.</EXAMPLE>
            </EXAMPLES>
            <SYNTAX>
                <NP value="Cause">
                    <SYNRESTRS/>
                </NP>
                <VERB/>
                <NP value="Theme">
                    <SYNRESTRS/>
                </NP>
            </SYNTAX>
            <SEMANTICS>
                <PRED value="cause">
                    <ARGS>
                        <ARG type="ThemRole" value="Cause"/>
                        <ARG type="Event" value="E"/>
                    </ARGS>
                </PRED>
                <PRED value="ensure">
                    <ARGS>
                        <ARG type="ThemRole" value="Theme"/>
                        <ARG type="ThemRole" value="?Beneficiary"/>
                    </ARGS>
                </PRED>
            </SEMANTICS>
        </FRAME>
        <FRAME>
            <DESCRIPTION descriptionNumber="8.1" primary="NP V NP NP" secondary="NP-NP" xtag="0.2"/>
            <EXAMPLES>
                <EXAMPLE>Our exertions ensured us a good outcome.</EXAMPLE>
            </EXAMPLES>
            <SYNTAX>
                <NP value="Cause">
                    <SYNRESTRS/>
                </NP>
                <VERB/>
                <NP value="Beneficiary">
                    <SYNRESTRS/>
                </NP>
                <NP value="Theme">
                    <SYNRESTRS>
			<SYNRESTR Value="-" type="sentential"/>
		    </SYNRESTRS>
                </NP>
            </SYNTAX>
            <SEMANTICS>
                <PRED value="cause">
                    <ARGS>
                        <ARG type="ThemRole" value="Cause"/>
                        <ARG type="Event" value="E"/>
                    </ARGS>
                </PRED>
                <PRED value="ensure">
                    <ARGS>
                        <ARG type="ThemRole" value="Theme"/>
                        <ARG type="ThemRole" value="Beneficiary"/>
                    </ARGS>
                </PRED>
            </SEMANTICS>
        </FRAME>
        <FRAME>
            <DESCRIPTION descriptionNumber="8.1" primary="NP V NP PP.beneficiary" secondary="NP-PP; for-PP" xtag="0.2"/>
            <EXAMPLES>
                <EXAMPLE>The circumstances ensured a good outcome for him.</EXAMPLE>
            </EXAMPLES>
            <SYNTAX>
                <NP value="Cause">
                    <SYNRESTRS/>
                </NP>
                <VERB/>
                <NP value="Theme">
                    <SYNRESTRS/>
                </NP>
                <PREP value="for">
                    <SELRESTRS/>
                </PREP>
                <NP value="Beneficiary">
                    <SYNRESTRS/>
                </NP>
            </SYNTAX>
            <SEMANTICS>
                <PRED value="cause">
                    <ARGS>
                        <ARG type="ThemRole" value="Cause"/>
                        <ARG type="Event" value="E"/>
                    </ARGS>
                </PRED>
                <PRED value="ensure">
                    <ARGS>
                        <ARG type="ThemRole" value="Theme"/>
                        <ARG type="ThemRole" value="Beneficiary"/>
                    </ARGS>
                </PRED>
            </SEMANTICS>
        </FRAME>
        <FRAME>
            <DESCRIPTION descriptionNumber="8.1" primary="NP V that S" secondary="S" xtag="0.2"/>
            <EXAMPLES>
                <EXAMPLE>The circumstances ensured that he would arrive in time.</EXAMPLE>                                                              
            </EXAMPLES>
            <SYNTAX>
                <NP value="Cause">
                    <SYNRESTRS/>
                </NP>
                <VERB/>
                <NP value="Theme">
                    <SYNRESTRS>
                        <SYNRESTR Value="+" type="oc_to_inf"/>
                    </SYNRESTRS>
                </NP>
            </SYNTAX>
            <SEMANTICS>
                <PRED value="cause">
                    <ARGS>
                        <ARG type="ThemRole" value="Cause"/>
                        <ARG type="Event" value="E"/>
                    </ARGS>
                </PRED>
                <PRED value="ensure">
                    <ARGS>
                        <ARG type="ThemRole" value="Theme"/>
                        <ARG type="ThemRole" value="?Beneficiary"/>
                    </ARGS>
                </PRED>
            </SEMANTICS>
        </FRAME>
    </FRAMES>
    <SUBCLASSES/>
</VNCLASS>



