<?xml version="1.0" encoding="UTF-8"?>
<!DOCTYPE VNCLASS SYSTEM "vn_class-3.dtd">
<VNCLASS ID="funnel-9.3" xmlns:xsi="http://www.w3.org/2001/XMLSchema-instance" xsi:noNamespaceSchemaLocation="vn_schema-3.xsd">
    <MEMBERS>
        <!--Some members add a predicate specifying instrument-->
        <MEMBER name="dip" wn="dip%2:35:00 dip%2:34:00" grouping="dip.01 dip.08"/>
        <MEMBER name="dunk" wn="dunk%2:35:00 dunk%2:34:00" grouping=""/>
        <MEMBER name="ladle" wn="ladle%2:35:01" grouping=""/>
        <MEMBER name="hoe" wn="hoe%2:36:00" grouping=""/>
        <MEMBER name="scoop" wn="scoop%2:35:01" grouping="scoop.01"/>
        <MEMBER name="siphon" wn="siphon%2:35:00" grouping="siphon.01"/>
        <MEMBER name="sop" wn="sop%2:35:00" grouping="sop.02 sop.04"/>
        <MEMBER name="channelize" wn="channelize%2:38:03" grouping=""/>
    </MEMBERS>
    <THEMROLES>
        <!--Destination can also be realized as here, there-->
        <!--Some verbs allow substitution of Source for Destination (should be those verbs cross listed with wipe-10.4, which is a "Remove" class)-->
        <THEMROLE type="Agent">
            <SELRESTRS>
                <SELRESTR Value="+" type="animate"/>
            </SELRESTRS>
        </THEMROLE>
        <THEMROLE type="Theme">
            <SELRESTRS>
                <SELRESTR Value="+" type="concrete"/>
            </SELRESTRS>
        </THEMROLE>
        <THEMROLE type="Destination">
            <SELRESTRS>
                <SELRESTR Value="+" type="location"/>
                <SELRESTR Value="-" type="region"/>
            </SELRESTRS>
        </THEMROLE>
    </THEMROLES>
    <FRAMES>
        <FRAME>
            <DESCRIPTION descriptionNumber="0.2" primary="NP V NP PP.destination" secondary="NP-PP; locative-PP" xtag=""/>
            <EXAMPLES>
                <EXAMPLE>I funneled the mixture into the bottle.</EXAMPLE>
            </EXAMPLES>
            <SYNTAX>
                <NP value="Agent">
                    <SYNRESTRS/>
                </NP>
                <VERB/>
                <NP value="Theme">
                    <SYNRESTRS/>
                </NP>
                <PREP>
                    <SELRESTRS>
                        <SELRESTR Value="+" type="dest_conf"/>
                    </SELRESTRS>
                </PREP>
                <NP value="Destination">
                    <SYNRESTRS/>
                </NP>
            </SYNTAX>
            <SEMANTICS>
                <PRED value="motion">
                    <ARGS>
                        <ARG type="Event" value="during(E)"/>
                        <ARG type="ThemRole" value="Theme"/>
                    </ARGS>
                </PRED>
                <PRED bool="!" value="Prep">
                    <ARGS>
                        <ARG type="Event" value="start(E)"/>
                        <ARG type="ThemRole" value="Theme"/>
                        <ARG type="ThemRole" value="Destination"/>
                    </ARGS>
                </PRED>
                <PRED value="Prep">
                    <ARGS>
                        <ARG type="Event" value="end(E)"/>
                        <ARG type="ThemRole" value="Theme"/>
                        <ARG type="ThemRole" value="Destination"/>
                    </ARGS>
                </PRED>
                <PRED value="cause">
                    <ARGS>
                        <ARG type="ThemRole" value="Agent"/>
                        <ARG type="Event" value="E"/>
                    </ARGS>
                </PRED>
            </SEMANTICS>
        </FRAME>
        <FRAME>
            <DESCRIPTION descriptionNumber="0.2" primary="NP V NP ADVP" secondary="NP-ADVP-PRED; here/there" xtag=""/>
            <!-- discourse has to provide specific Destination and configuration (Prep) of Theme wrt Destination-->
            <EXAMPLES>
                <EXAMPLE>I spooned the sauce there.</EXAMPLE>
            </EXAMPLES>
            <SYNTAX>
                <NP value="Agent">
                    <SYNRESTRS/>
                </NP>
                <VERB/>
                <NP value="Theme">
                    <SYNRESTRS/>
                </NP>
                <NP value="Destination">
                    <SYNRESTRS>
                        <SYNRESTR Value="+" type="adv_loc"/>
                    </SYNRESTRS>
                </NP>
            </SYNTAX>
            <SEMANTICS>
                <PRED value="motion">
                    <ARGS>
                        <ARG type="Event" value="during(E)"/>
                        <ARG type="ThemRole" value="Theme"/>
                    </ARGS>
                </PRED>
                <PRED bool="!" value="Prep">
                    <ARGS>
                        <ARG type="Event" value="start(E)"/>
                        <ARG type="ThemRole" value="Theme"/>
                        <ARG type="ThemRole" value="Destination"/>
                    </ARGS>
                </PRED>
                <PRED value="Prep">
                    <ARGS>
                        <ARG type="Event" value="end(E)"/>
                        <ARG type="ThemRole" value="Theme"/>
                        <ARG type="ThemRole" value="Destination"/>
                    </ARGS>
                </PRED>
                <PRED value="cause">
                    <ARGS>
                        <ARG type="ThemRole" value="Agent"/>
                        <ARG type="Event" value="E"/>
                    </ARGS>
                </PRED>
            </SEMANTICS>
        </FRAME>
    </FRAMES>
    <SUBCLASSES>
        <VNSUBCLASS ID="funnel-9.3-1">
            <MEMBERS>
                <MEMBER name="channel" wn="channel%2:38:01 channel%2:38:00 channel%2:35:00" grouping="channel.01"/>
                <MEMBER name="fit" wn="fit%2:42:02 fit%2:42:03" grouping="fit.02"/>
                <MEMBER name="rake" wn="rake%2:35:00" grouping="rake.01"/>
                <MEMBER name="scrape" wn="" grouping=""/>
                <MEMBER name="shovel" wn="shovel%2:35:00" grouping=""/>
                <MEMBER name="spoon" wn="spoon%2:35:00" grouping=""/>
                <MEMBER name="squash" wn="" grouping=""/>
                <MEMBER name="squish" wn="squish%2:35:00" grouping=""/>
                <MEMBER name="tuck" wn="tuck%2:35:00" grouping="tuck.01"/>
                <MEMBER name="wipe" wn="?wipe%2:35:00" grouping="wipe.01"/>
                <MEMBER name="wring" wn="wring%2:35:02" grouping="wring.01"/>
            </MEMBERS>
            <THEMROLES/>
            <FRAMES>
                <FRAME>
                    <DESCRIPTION descriptionNumber="" primary="NP V NP PP.destination" secondary="NP-PP; between-PP" xtag=""/>
                    <EXAMPLES>
                        <EXAMPLE>He wedged the diamond between shifting dunes.</EXAMPLE>
                    </EXAMPLES>
                    <SYNTAX>
                        <NP value="Agent">
                            <SYNRESTRS/>
                        </NP>
                        <VERB/>
                        <NP value="Theme">
                            <SYNRESTRS/>
                        </NP>
                        <PREP value="between in_between">
                            <SELRESTRS/>
                        </PREP>
                        <NP value="Destination">
                            <SYNRESTRS>
                                <SYNRESTR Value="+" type="plural"/>
                            </SYNRESTRS>
                        </NP>
                    </SYNTAX>
                    <SEMANTICS>
                        <PRED value="motion">
                            <ARGS>
                                <ARG type="Event" value="during(E)"/>
                                <ARG type="ThemRole" value="Theme"/>
                            </ARGS>
                        </PRED>
                        <PRED bool="!" value="Prep">
                            <ARGS>
                                <ARG type="Event" value="start(E)"/>
                                <ARG type="ThemRole" value="Theme"/>
                                <ARG type="ThemRole" value="Destination"/>
                            </ARGS>
                        </PRED>
                        <PRED value="Prep">
                            <ARGS>
                                <ARG type="Event" value="end(E)"/>
                                <ARG type="ThemRole" value="Theme"/>
                                <ARG type="ThemRole" value="Destination"/>
                            </ARGS>
                        </PRED>
                        <PRED value="cause">
                            <ARGS>
                                <ARG type="ThemRole" value="Agent"/>
                                <ARG type="Event" value="E"/>
                            </ARGS>
                        </PRED>
                    </SEMANTICS>
                </FRAME>
            </FRAMES>
            <SUBCLASSES>
                <VNSUBCLASS ID="funnel-9.3-1-1">
                    <MEMBERS>
                        <MEMBER name="bang" wn="bang%2:35:02" grouping="bang.01"/>
                        <MEMBER name="dump" wn="dump%2:40:00" grouping="dump.02"/>
                        <MEMBER name="funnel" wn="funnel%2:35:00" grouping="funnel.01"/>
                        <MEMBER name="hammer" wn="hammer%2:35:00 hammer%2:36:00" grouping="hammer.01"/>
                        <MEMBER name="pound" wn="pound%2:30:03" grouping="pound.01"/>
                        <MEMBER name="push" wn="push%2:38:00" grouping="push.01"/>
                        <MEMBER name="ram" wn="ram%2:35:03" grouping="ram.05"/>
                        <MEMBER name="shake" wn="shake%2:30:01" grouping="shake.01"/>
                        <MEMBER name="squeeze" wn="squeeze%2:35:03" grouping="squeeze.03"/>
                        <MEMBER name="sweep" wn="sweep%2:35:00" grouping="sweep.02"/>
                        <MEMBER name="wedge" wn="wedge%2:35:01 wedge%2:35:00" grouping=""/>
                    </MEMBERS>
                    <THEMROLES/>
                    <FRAMES>
                        <FRAME>
                            <DESCRIPTION descriptionNumber="" primary="NP V PP.destination" secondary="PP; locative-PP" xtag=""/>
                            <EXAMPLES>
                                <EXAMPLE>The company is wedging into new markets.</EXAMPLE>
                            </EXAMPLES>
                            <SYNTAX>
                                <NP value="Theme">
                                    <SYNRESTRS/>
                                </NP>
                                <VERB/>
                                <PREP value="into">
                                    <SELRESTRS/>
                                </PREP>
                                <NP value="Destination">
                                    <SYNRESTRS/>
                                </NP>
                            </SYNTAX>
                            <SEMANTICS>
                                <PRED value="motion">
                                    <ARGS>
                                        <ARG type="Event" value="during(E)"/>
                                        <ARG type="ThemRole" value="Theme"/>
                                    </ARGS>
                                </PRED>
                                <PRED bool="!" value="Prep">
                                    <ARGS>
                                        <ARG type="Event" value="start(E)"/>
                                        <ARG type="ThemRole" value="Theme"/>
                                        <ARG type="ThemRole" value="Destination"/>
                                    </ARGS>
                                </PRED>
                                <PRED value="Prep">
                                    <ARGS>
                                        <ARG type="Event" value="end(E)"/>
                                        <ARG type="ThemRole" value="Theme"/>
                                        <ARG type="ThemRole" value="Destination"/>
                                    </ARGS>
                                </PRED>
                            </SEMANTICS>
                        </FRAME>
                    </FRAMES>
                    <SUBCLASSES/>
                </VNSUBCLASS>
            </SUBCLASSES>
        </VNSUBCLASS>
    </SUBCLASSES>
</VNCLASS>
