<?xml version="1.0" encoding="UTF-8"?>
<!DOCTYPE VNCLASS SYSTEM "vn_class-3.dtd">
<VNCLASS ID="get-13.5.1" xmlns:xsi="http://www.w3.org/2001/XMLSchema-instance" xsi:noNamespaceSchemaLocation="vn_schema-3.xsd">
    <MEMBERS>
        <MEMBER name="attain" wn="" grouping="attain.01"/>
        <MEMBER name="book" wn="book%2:41:01" grouping="book.01"/>
        <MEMBER name="buy" wn="buy%2:40:00 buy%2:42:00" grouping="buy.01"/>
        <MEMBER name="call" wn="call%2:32:05 call%2:32:15" grouping="call.01 call.07"/>
        <MEMBER name="catch" wn="catch%2:35:00 catch%2:35:01 catch%2:35:03" grouping="catch.01 catch.02"/>
        <MEMBER name="charter" wn="charter%2:40:00" grouping=""/>
        <MEMBER name="choose" wn="choose%2:31:00 choose%2:31:02" grouping="choose.01"/>
        <MEMBER name="conserve" wn="conserve%2:30:00" grouping="conserve.01"/>
        <MEMBER name="find" wn="find%2:40:00 find%2:40:01" grouping="find.01"/>
        <MEMBER name="gather" wn="gather%2:35:00 gather%2:41:02" grouping="gather.01 gather.02"/>
        <MEMBER name="hire" wn="hire%2:41:00 hire%2:41:01 hire%2:40:00" grouping="hire.01"/>
        <MEMBER name="lease" wn="lease%2:41:01 lease%2:40:00" grouping="lease.01"/>
        <MEMBER name="order" wn="order%2:32:00" grouping="order.02"/>
        <MEMBER name="phone" wn="phone%2:32:00" grouping="phone.01"/>
        <MEMBER name="pick" wn="pick%2:35:01" grouping="pick.02"/>
        <MEMBER name="pluck" wn="pluck%2:35:00 pluck%2:35:01" grouping="pluck.01"/>
        <MEMBER name="procure" wn="procure%2:40:00 procure%2:34:00" grouping=""/>
        <MEMBER name="pull" wn="pull%2:35:02 pull%2:38:03 pull%2:30:11" grouping="pull.01 pull.03"/>
        <MEMBER name="reach" wn="reach%2:40:00" grouping="reach.03"/>
        <MEMBER name="rent" wn="rent%2:40:00 rent%2:41:00" grouping="rent.02"/>
        <MEMBER name="reserve" wn="reserve%2:32:00 reserve%2:41:00" grouping="reserve.02"/>
        <!--MOVED "secure" to 13.5.1-1-->
        <MEMBER name="shoot" wn="?shoot%2:41:00" grouping="shoot.01"/>
        <MEMBER name="slaughter" wn="slaughter%2:35:00" grouping="slaughter.01"/>
        <MEMBER name="vote" wn="vote%2:41:12" grouping="vote.05"/>
        <MEMBER name="win" wn="win%2:40:00" grouping="win.02"/>
    </MEMBERS>
    <THEMROLES>
        <THEMROLE type="Agent">
            <SELRESTRS logic="or">
                <SELRESTR Value="+" type="animate"/>
                <SELRESTR Value="+" type="organization"/>
            </SELRESTRS>
        </THEMROLE>
        <THEMROLE type="Theme">
            <SELRESTRS/>
        </THEMROLE>
        <THEMROLE type="Source">
            <SELRESTRS>
                <SELRESTR Value="+" type="concrete"/>
            </SELRESTRS>
        </THEMROLE>
        <THEMROLE type="Beneficiary">
            <SELRESTRS logic="or">
                <SELRESTR Value="+" type="animate"/>
                <SELRESTR Value="+" type="organization"/>
            </SELRESTRS>
        </THEMROLE>
        <THEMROLE type="Asset">
            <SELRESTRS>
                <SELRESTR Value="-" type="location"/>
                <SELRESTR Value="-" type="region"/>
            </SELRESTRS>
        </THEMROLE>
    </THEMROLES>
    <FRAMES>
        <FRAME>
            <DESCRIPTION descriptionNumber="0.2" primary="NP V NP" secondary="Basic Transitive" xtag="0.2"/>
            <EXAMPLES>
                <EXAMPLE>Carmen bought a dress.</EXAMPLE>
            </EXAMPLES>
            <SYNTAX>
                <NP value="Agent">
                    <SYNRESTRS/>
                </NP>
                <VERB/>
                <NP value="Theme">
                    <SYNRESTRS/>
                </NP>
            </SYNTAX>
            <SEMANTICS>
                <PRED value="has_possession">
                    <ARGS>
                        <ARG type="Event" value="start(E)"/>
                        <ARG type="ThemRole" value="?Source"/>
                        <ARG type="ThemRole" value="Theme"/>
                    </ARGS>
                </PRED>
                <PRED value="transfer">
                    <ARGS>
                        <ARG type="Event" value="during(E)"/>
                        <ARG type="ThemRole" value="Theme"/>
                    </ARGS>
                </PRED>
                <PRED value="has_possession">
                    <ARGS>
                        <ARG type="Event" value="end(E)"/>
                        <ARG type="ThemRole" value="Agent"/>
                        <ARG type="ThemRole" value="Theme"/>
                    </ARGS>
                </PRED>
                <PRED value="cause">
                    <ARGS>
                        <ARG type="ThemRole" value="Agent"/>
                        <ARG type="Event" value="E"/>
                    </ARGS>
                </PRED>
            </SEMANTICS>
        </FRAME>
        <FRAME>
            <DESCRIPTION descriptionNumber="0.2" primary="NP V NP PP.source" secondary="NP-PP; from-PP" xtag=""/>
            <EXAMPLES>
                <EXAMPLE>Carmen bought a dress from Diana.</EXAMPLE>
            </EXAMPLES>
            <SYNTAX>
                <NP value="Agent">
                    <SYNRESTRS/>
                </NP>
                <VERB/>
                <NP value="Theme">
                    <SYNRESTRS/>
                </NP>
                <PREP value="from">
                    <SELRESTRS/>
                </PREP>
                <NP value="Source">
                    <SYNRESTRS/>
                </NP>
            </SYNTAX>
            <SEMANTICS>
                <PRED value="has_possession">
                    <ARGS>
                        <ARG type="Event" value="start(E)"/>
                        <ARG type="ThemRole" value="Source"/>
                        <ARG type="ThemRole" value="Theme"/>
                    </ARGS>
                </PRED>
                <PRED value="transfer">
                    <ARGS>
                        <ARG type="Event" value="during(E)"/>
                        <ARG type="ThemRole" value="Theme"/>
                    </ARGS>
                </PRED>
                <PRED value="has_possession">
                    <ARGS>
                        <ARG type="Event" value="end(E)"/>
                        <ARG type="ThemRole" value="Agent"/>
                        <ARG type="ThemRole" value="Theme"/>
                    </ARGS>
                </PRED>
                <PRED value="cause">
                    <ARGS>
                        <ARG type="ThemRole" value="Agent"/>
                        <ARG type="Event" value="E"/>
                    </ARGS>
                </PRED>
            </SEMANTICS>
        </FRAME>
        <FRAME>
            <DESCRIPTION descriptionNumber="2.2" primary="NP V NP PP.beneficiary" secondary="NP-PP; Beneficiary Object" xtag=""/>
            <EXAMPLES>
                <EXAMPLE>Carmen bought a dress for Mary.</EXAMPLE>
            </EXAMPLES>
            <SYNTAX>
                <NP value="Agent">
                    <SYNRESTRS/>
                </NP>
                <VERB/>
                <NP value="Theme">
                    <SYNRESTRS/>
                </NP>
                <PREP value="for">
                    <SELRESTRS/>
                </PREP>
                <NP value="Beneficiary">
                    <SYNRESTRS/>
                </NP>
            </SYNTAX>
            <SEMANTICS>
                <PRED value="has_possession">
                    <ARGS>
                        <ARG type="Event" value="start(E)"/>
                        <ARG type="ThemRole" value="?Source"/>
                        <ARG type="ThemRole" value="Theme"/>
                    </ARGS>
                </PRED>
                <PRED value="transfer">
                    <ARGS>
                        <ARG type="Event" value="during(E)"/>
                        <ARG type="ThemRole" value="Theme"/>
                    </ARGS>
                </PRED>
                <PRED value="has_possession">
                    <ARGS>
                        <ARG type="Event" value="end(E)"/>
                        <ARG type="ThemRole" value="Agent"/>
                        <ARG type="ThemRole" value="Theme"/>
                    </ARGS>
                </PRED>
                <PRED value="cause">
                    <ARGS>
                        <ARG type="ThemRole" value="Agent"/>
                        <ARG type="Event" value="E"/>
                    </ARGS>
                </PRED>
                <PRED value="benefit">
                    <ARGS>
                        <ARG type="Event" value="E"/>
                        <ARG type="ThemRole" value="Beneficiary"/>
                    </ARGS>
                </PRED>
            </SEMANTICS>
        </FRAME>
        <FRAME>
            <DESCRIPTION descriptionNumber="2.2" primary="NP V NP.beneficiary NP" secondary="Benefactive Alternation; double object" xtag=""/>
            <EXAMPLES>
                <EXAMPLE>Carmen bought Mary a dress.</EXAMPLE>
            </EXAMPLES>
            <SYNTAX>
                <NP value="Agent">
                    <SYNRESTRS/>
                </NP>
                <VERB/>
                <NP value="Beneficiary">
                    <SYNRESTRS/>
                </NP>
                <NP value="Theme">
                    <SYNRESTRS/>
                </NP>
            </SYNTAX>
            <SEMANTICS>
                <PRED value="has_possession">
                    <ARGS>
                        <ARG type="Event" value="start(E)"/>
                        <ARG type="ThemRole" value="?Source"/>
                        <ARG type="ThemRole" value="Theme"/>
                    </ARGS>
                </PRED>
                <PRED value="transfer">
                    <ARGS>
                        <ARG type="Event" value="during(E)"/>
                        <ARG type="ThemRole" value="Theme"/>
                    </ARGS>
                </PRED>
                <PRED value="has_possession">
                    <ARGS>
                        <ARG type="Event" value="end(E)"/>
                        <ARG type="ThemRole" value="Agent"/>
                        <ARG type="ThemRole" value="Theme"/>
                    </ARGS>
                </PRED>
                <PRED value="cause">
                    <ARGS>
                        <ARG type="ThemRole" value="Agent"/>
                        <ARG type="Event" value="E"/>
                    </ARGS>
                </PRED>
                <PRED value="benefit">
                    <ARGS>
                        <ARG type="Event" value="E"/>
                        <ARG type="ThemRole" value="Beneficiary"/>
                    </ARGS>
                </PRED>
            </SEMANTICS>
        </FRAME>
        <FRAME>
            <DESCRIPTION descriptionNumber="3.9" primary="NP V NP PP.asset" secondary="NP-PP; Asset Subject" xtag=""/>
            <EXAMPLES>
                <EXAMPLE>Carmen bought a dress for $50.</EXAMPLE>
            </EXAMPLES>
            <SYNTAX>
                <NP value="Agent">
                    <SYNRESTRS/>
                </NP>
                <VERB/>
                <NP value="Theme">
                    <SYNRESTRS/>
                </NP>
                <PREP value="for">
                    <SELRESTRS/>
                </PREP>
                <NP value="Asset">
                    <SYNRESTRS/>
                </NP>
            </SYNTAX>
            <SEMANTICS>
                <PRED value="has_possession">
                    <ARGS>
                        <ARG type="Event" value="start(E)"/>
                        <ARG type="ThemRole" value="?Source"/>
                        <ARG type="ThemRole" value="Theme"/>
                    </ARGS>
                </PRED>
                <PRED value="transfer">
                    <ARGS>
                        <ARG type="Event" value="during(E)"/>
                        <ARG type="ThemRole" value="Theme"/>
                    </ARGS>
                </PRED>
                <PRED value="has_possession">
                    <ARGS>
                        <ARG type="Event" value="end(E)"/>
                        <ARG type="ThemRole" value="Agent"/>
                        <ARG type="ThemRole" value="Theme"/>
                    </ARGS>
                </PRED>
                <PRED value="cause">
                    <ARGS>
                        <ARG type="ThemRole" value="Agent"/>
                        <ARG type="Event" value="E"/>
                    </ARGS>
                </PRED>
                <PRED value="cost">
                    <ARGS>
                        <ARG type="Event" value="E"/>
                        <ARG type="ThemRole" value="Asset"/>
                    </ARGS>
                </PRED>
            </SEMANTICS>
        </FRAME>
        <FRAME>
            <DESCRIPTION descriptionNumber="3.9" primary="NP.asset V NP" secondary="NP; Asset Subject" xtag=""/>
            <EXAMPLES>
                <EXAMPLE>$50 won't even buy a dress.</EXAMPLE>
            </EXAMPLES>
            <SYNTAX>
                <NP value="Asset">
                    <SYNRESTRS/>
                </NP>
                <VERB/>
                <NP value="Theme">
                    <SYNRESTRS/>
                </NP>
            </SYNTAX>
            <SEMANTICS>
                <PRED value="has_possession">
                    <ARGS>
                        <ARG type="Event" value="start(E)"/>
                        <ARG type="ThemRole" value="?Source"/>
                        <ARG type="ThemRole" value="Theme"/>
                    </ARGS>
                </PRED>
                <PRED value="transfer">
                    <ARGS>
                        <ARG type="Event" value="during(E)"/>
                        <ARG type="ThemRole" value="Theme"/>
                    </ARGS>
                </PRED>
                <PRED value="has_possession">
                    <ARGS>
                        <ARG type="Event" value="end(E)"/>
                        <ARG type="ThemRole" value="?Agent"/>
                        <ARG type="ThemRole" value="Theme"/>
                    </ARGS>
                </PRED>
                <PRED value="cause">
                    <ARGS>
                        <ARG type="ThemRole" value="?Agent"/>
                        <ARG type="Event" value="E"/>
                    </ARGS>
                </PRED>
                <PRED value="cost">
                    <ARGS>
                        <ARG type="Event" value="E"/>
                        <ARG type="ThemRole" value="Asset"/>
                    </ARGS>
                </PRED>
            </SEMANTICS>
        </FRAME>
        <FRAME>
            <DESCRIPTION descriptionNumber="" primary="NP V NP PP.source PP.asset" secondary="NP-PP-PP; Source-PP, Asset-PP" xtag=""/>
            <EXAMPLES>
                <EXAMPLE>FMC has bought 565,000 shares from Nortek Inc. at $23.50 a share.</EXAMPLE>
            </EXAMPLES>
            <SYNTAX>
                <NP value="Agent">
                    <SYNRESTRS/>
                </NP>
                <VERB/>
                <NP value="Theme">
                    <SYNRESTRS/>
                </NP>
                <PREP value="from">
                    <SELRESTRS/>
                </PREP>
                <NP value="Source">
                    <SYNRESTRS/>
                </NP>
                <PREP value="at for">
                    <SELRESTRS/>
                </PREP>
                <NP value="Asset">
                    <SYNRESTRS/>
                </NP>
            </SYNTAX>
            <SEMANTICS>
                <PRED value="has_possession">
                    <ARGS>
                        <ARG type="Event" value="start(E)"/>
                        <ARG type="ThemRole" value="Source"/>
                        <ARG type="ThemRole" value="Theme"/>
                    </ARGS>
                </PRED>
                <PRED value="has_possession">
                    <ARGS>
                        <ARG type="Event" value="end(E)"/>
                        <ARG type="ThemRole" value="Agent"/>
                        <ARG type="ThemRole" value="Theme"/>
                    </ARGS>
                </PRED>
                <PRED value="transfer">
                    <ARGS>
                        <ARG type="Event" value="during(E)"/>
                        <ARG type="ThemRole" value="Theme"/>
                    </ARGS>
                </PRED>
                <PRED value="cost">
                    <ARGS>
                        <ARG type="Event" value="E"/>
                        <ARG type="ThemRole" value="Asset"/>
                    </ARGS>
                </PRED>
            </SEMANTICS>
        </FRAME>
    </FRAMES>
    <SUBCLASSES>
        <VNSUBCLASS ID="get-13.5.1-1">
            <MEMBERS>
                <MEMBER name="earn" wn="earn%2:40:01 earn%2:40:03" grouping="earn.01 earn.02"/>
                <MEMBER name="fetch" wn="fetch%2:35:00 fetch%2:40:00 ?fetch%2:35:03" grouping="fetch.01 fetch.02"/>
                <MEMBER name="cash" wn="cash%2:40:00" grouping="cash.01"/>
                <MEMBER name="gain" wn="gain%2:40:03 gain%2:40:01 gain%2:40:00" grouping="gain.01"/>
                <MEMBER name="get" wn="get%2:40:00 get%2:35:03 get%2:40:14 get%2:40:13" grouping="get.01"/>
                <MEMBER name="save" wn="save%2:40:03" grouping="save.02"/>
                <MEMBER name="score" wn="" grouping=""/>
                <MEMBER name="secure" wn="secure%2:40:00 secure%2:40:01 secure%2:32:00" grouping="secure.01"/>
                <MEMBER name="steal" wn="steal%2:40:00" grouping="steal.01"/>
            </MEMBERS>
            <THEMROLES>
                <THEMROLE type="Source">
                    <SELRESTRS>
                        <SELRESTR Value="+" type="abstract"/>
                    </SELRESTRS>
                </THEMROLE>
            </THEMROLES>
            <FRAMES>
                <FRAME>
                    <DESCRIPTION descriptionNumber="" primary="NP V NP PP.source" secondary="NP-PP; for/on Source (abstract)" xtag=""/>
                    <EXAMPLES>
                        <EXAMPLE>John earned $10 million on proceeds from the sale.</EXAMPLE>
                    </EXAMPLES>
                    <SYNTAX>
                        <NP value="Agent">
                            <SYNRESTRS/>
                        </NP>
                        <VERB/>
                        <NP value="Theme">
                            <SYNRESTRS/>
                        </NP>
                        <PREP value="from for on">
                            <SELRESTRS/>
                        </PREP>
                        <NP value="Source">
                            <SYNRESTRS/>
                        </NP>
                    </SYNTAX>
                    <SEMANTICS>
                        <PRED value="has_possession">
                            <ARGS>
                                <ARG type="Event" value="start(E)"/>
                                <ARG type="ThemRole" value="Source"/>
                                <ARG type="ThemRole" value="Theme"/>
                            </ARGS>
                        </PRED>
                        <PRED value="has_possession">
                            <ARGS>
                                <ARG type="Event" value="end(E)"/>
                                <ARG type="ThemRole" value="Agent"/>
                                <ARG type="ThemRole" value="Theme"/>
                            </ARGS>
                        </PRED>
                        <PRED value="transfer">
                            <ARGS>
                                <ARG type="Event" value="during(E)"/>
                                <ARG type="ThemRole" value="Theme"/>
                            </ARGS>
                        </PRED>
                        <PRED value="cause">
                            <ARGS>
                                <ARG type="ThemRole" value="Agent"/>
                                <ARG type="Event" value="E"/>
                            </ARGS>
                        </PRED>
                    </SEMANTICS>
                </FRAME>
            </FRAMES>
            <SUBCLASSES/>
        </VNSUBCLASS>
    </SUBCLASSES>
</VNCLASS>
