<?xml version="1.0" encoding="UTF-8"?>
<!DOCTYPE VNCLASS SYSTEM "vn_class-3.dtd">
<VNCLASS ID="lodge-46" xmlns:xsi="http://www.w3.org/2001/XMLSchema-instance" xsi:noNamespaceSchemaLocation="vn_schema-3.xsd">
    <MEMBERS>
        <MEMBER name="barrack" wn="barrack%2:42:00" grouping="barrack.01"/>
        <MEMBER name="bivouac" wn="bivouac%2:42:00" grouping=""/>
        <MEMBER name="board" wn="board%2:42:00 board%2:34:01" grouping="board.02"/>
        <MEMBER name="bunk" wn="bunk%2:40:00" grouping=""/>
        <MEMBER name="camp" wn="camp%2:42:00" grouping="camp.01"/>
        <MEMBER name="dwell" wn="dwell%2:42:00" grouping="dwell.02"/>
        <MEMBER name="guest" wn="" grouping=""/>
        <MEMBER name="live" wn="live%2:42:08" grouping="live.02"/>
        <MEMBER name="lodge" wn="lodge%2:42:02" grouping="lodge.01"/>
        <MEMBER name="overnight" wn="" grouping=""/>
        <MEMBER name="quarter" wn="" grouping="quarter.01"/>
        <MEMBER name="reside" wn="reside%2:42:00 reside%2:42:01" grouping="reside.01"/>
        <MEMBER name="room" wn="" grouping=""/>
        <MEMBER name="settle" wn="settle%2:30:00 settle%2:30:03 settle%2:30:01" grouping="settle.03"/>
        <MEMBER name="shack_up" wn="" grouping=""/>
        <MEMBER name="shelter" wn="" grouping="shelter.01"/>
        <MEMBER name="sleep_over" wn="" grouping=""/>
        <MEMBER name="squat" wn="" grouping="squat.03"/>
        <MEMBER name="stay_over" wn="" grouping=""/>
        <MEMBER name="stop" wn="stop%2:38:02" grouping="stop.03"/>
        <MEMBER name="stay" wn="stay%2:42:01" grouping="stay.01"/>
    </MEMBERS>
    <THEMROLES>
        <THEMROLE type="Theme">
            <SELRESTRS>
                <SELRESTR Value="+" type="animate"/>
            </SELRESTRS>
        </THEMROLE>
        <THEMROLE type="Location">
            <SELRESTRS/>
        </THEMROLE>
    </THEMROLES>
    <FRAMES>
        <FRAME>
            <DESCRIPTION descriptionNumber="0.1" primary="NP V PP.location" secondary="PP; Location-PP" xtag=""/>
            <EXAMPLES>
                <EXAMPLE>Cornelia lodged with the Stevensons.</EXAMPLE>
                <EXAMPLE>Cornelia lodged at Mrs. Parker's.</EXAMPLE>
            </EXAMPLES>
            <SYNTAX>
                <NP value="Theme">
                    <SYNRESTRS/>
                </NP>
                <VERB/>
                <PREP value="at in with">
                    <SELRESTRS/>
                </PREP>
                <NP value="Location">
                    <SYNRESTRS/>
                </NP>
            </SYNTAX>
            <SEMANTICS>
                <PRED bool="!" value="location">
                    <ARGS>
                        <ARG type="Event" value="start(E)"/>
                        <ARG type="ThemRole" value="Theme"/>
                        <ARG type="ThemRole" value="Location"/>
                    </ARGS>
                </PRED>
                <PRED value="location">
                    <ARGS>
                        <ARG type="Event" value="during(E)"/>
                        <ARG type="ThemRole" value="Theme"/>
                        <ARG type="ThemRole" value="Location"/>
                    </ARGS>
                </PRED>
            </SEMANTICS>
        </FRAME>
        <FRAME>
            <DESCRIPTION descriptionNumber="" primary="NP V ADVP" secondary="ADVP-PRED; here/there" xtag=""/>
            <EXAMPLES>
                <EXAMPLE>We camped there.</EXAMPLE>
            </EXAMPLES>
            <SYNTAX>
                <NP value="Theme">
                    <SYNRESTRS/>
                </NP>
                <VERB/>
                <NP value="Location">
                    <SYNRESTRS>
                        <SYNRESTR Value="+" type="adv_loc"/>
                    </SYNRESTRS>
                </NP>
            </SYNTAX>
            <SEMANTICS>
                <PRED bool="!" value="location">
                    <ARGS>
                        <ARG type="Event" value="start(E)"/>
                        <ARG type="ThemRole" value="Theme"/>
                        <ARG type="ThemRole" value="Location"/>
                    </ARGS>
                </PRED>
                <PRED value="location">
                    <ARGS>
                        <ARG type="Event" value="during(E)"/>
                        <ARG type="ThemRole" value="Theme"/>
                        <ARG type="ThemRole" value="Location"/>
                    </ARGS>
                </PRED>
            </SEMANTICS>
        </FRAME>
    </FRAMES>
    <SUBCLASSES/>
</VNCLASS>
