<?xml version="1.0" encoding="UTF-8"?>
<!DOCTYPE VNCLASS SYSTEM "vn_class-3.dtd">
<VNCLASS ID="push-12" xmlns:xsi="http://www.w3.org/2001/XMLSchema-instance" xsi:noNamespaceSchemaLocation="vn_schema-3.xsd">
    <MEMBERS>
        <MEMBER name="heave" wn="heave%2:35:01" grouping="heave.01"/>
    </MEMBERS>
    <THEMROLES>
        <THEMROLE type="Agent">
            <SELRESTRS>
                <SELRESTR Value="+" type="animate"/>
            </SELRESTRS>
        </THEMROLE>
        <THEMROLE type="Theme">
            <SELRESTRS>
                <SELRESTR Value="+" type="concrete"/>
            </SELRESTRS>
        </THEMROLE>
        <THEMROLE type="Trajectory">
            <SELRESTRS/>
        </THEMROLE>
        <THEMROLE type="Result">
            <SELRESTRS/>
        </THEMROLE>
    </THEMROLES>
    <FRAMES>
        <!--Adjunction of path PP is done by sense extension, using intersection with the Carry class.-->
        <!--jerk and yank are not in these intersective classes, so they will have to bring their two possible frames (conative and resultative)-->
        <FRAME>
            <DESCRIPTION descriptionNumber="0.2" primary="NP V NP" secondary="Basic Transitive" xtag="0.2"/>
            <EXAMPLES>
                <EXAMPLE>Nora heaved the chair.</EXAMPLE>
            </EXAMPLES>
            <SYNTAX>
                <NP value="Agent">
                    <SYNRESTRS/>
                </NP>
                <VERB/>
                <NP value="Theme">
                    <SYNRESTRS/>
                </NP>
            </SYNTAX>
            <SEMANTICS>
                <PRED value="cause">
                    <ARGS>
                        <ARG type="ThemRole" value="Agent"/>
                        <ARG type="Event" value="E"/>
                    </ARGS>
                </PRED>
                <PRED value="contact">
                    <ARGS>
                        <ARG type="Event" value="during(E)"/>
                        <ARG type="ThemRole" value="Agent"/>
                        <ARG type="ThemRole" value="Theme"/>
                    </ARGS>
                </PRED>
                <PRED value="exert_force">
                    <ARGS>
                        <ARG type="Event" value="during(E)"/>
                        <ARG type="ThemRole" value="Agent"/>
                        <ARG type="ThemRole" value="Theme"/>
                    </ARGS>
                </PRED>
            </SEMANTICS>
        </FRAME>
    </FRAMES>
    <SUBCLASSES>
        <VNSUBCLASS ID="push-12-1">
            <MEMBERS>
                <MEMBER name="jerk" wn="jerk%2:35:01" grouping="jerk.01"/>
                <MEMBER name="pull" wn="pull%2:35:00 pull%2:35:04 pull%2:35:10" grouping="pull.01"/>
                <MEMBER name="tug" wn="tug%2:35:00 tug%2:35:04 tug%2:35:03 tug%2:35:02 tug%2:35:01" grouping=""/>
                <MEMBER name="yank" wn="yank%2:35:00" grouping="yank.01 yank.02 yank.03"/>
            </MEMBERS>
            <THEMROLES/>
            <FRAMES>
                <FRAME>
                    <DESCRIPTION descriptionNumber="0.4" primary="NP V NP ADJP-Result" secondary="NP-ADJP; Resultative" xtag=""/>
                    <EXAMPLES>
                        <EXAMPLE>Nora yanked the button loose.</EXAMPLE>
                    </EXAMPLES>
                    <SYNTAX>
                        <NP value="Agent">
                            <SYNRESTRS/>
                        </NP>
                        <VERB/>
                        <NP value="Theme">
                            <SYNRESTRS/>
                        </NP>
                        <NP value="Result">
                            <SYNRESTRS>
                                <SYNRESTR Value="+" type="adj"/>
                            </SYNRESTRS>
                        </NP>
                    </SYNTAX>
                    <SEMANTICS>
                        <PRED value="cause">
                            <ARGS>
                                <ARG type="ThemRole" value="Agent"/>
                                <ARG type="Event" value="E"/>
                            </ARGS>
                        </PRED>
                        <PRED value="contact">
                            <ARGS>
                                <ARG type="Event" value="during(E)"/>
                                <ARG type="ThemRole" value="Agent"/>
                                <ARG type="ThemRole" value="Theme"/>
                            </ARGS>
                        </PRED>
                        <PRED value="exert_force">
                            <ARGS>
                                <ARG type="Event" value="during(E)"/>
                                <ARG type="ThemRole" value="Agent"/>
                                <ARG type="ThemRole" value="Theme"/>
                            </ARGS>
                        </PRED>
                        <PRED value="Pred">
                            <ARGS>
                                <ARG type="Event" value="result(E)"/>
                                <ARG type="ThemRole" value="Theme"/>
                            </ARGS>
                        </PRED>
                    </SEMANTICS>
                </FRAME>
                <FRAME>
                    <DESCRIPTION descriptionNumber="1.3" primary="NP V PP-Conative" secondary="Conative" xtag=""/>
                    <EXAMPLES>
                        <EXAMPLE>Nora jerked at the wall.</EXAMPLE>
                    </EXAMPLES>
                    <SYNTAX>
                        <NP value="Agent">
                            <SYNRESTRS/>
                        </NP>
                        <VERB/>
                        <PREP value="at against on">
                            <SELRESTRS/>
                        </PREP>
                        <NP value="Theme">
                            <SYNRESTRS/>
                        </NP>
                    </SYNTAX>
                    <SEMANTICS>
                        <PRED value="cause">
                            <ARGS>
                                <ARG type="ThemRole" value="Agent"/>
                                <ARG type="Event" value="E"/>
                            </ARGS>
                        </PRED>
                        <PRED value="contact">
                            <ARGS>
                                <ARG type="Event" value="during(E)"/>
                                <ARG type="ThemRole" value="Agent"/>
                                <ARG type="ThemRole" value="Theme"/>
                            </ARGS>
                        </PRED>
                        <PRED value="exert_force">
                            <ARGS>
                                <ARG type="Event" value="during(E)"/>
                                <ARG type="ThemRole" value="Agent"/>
                                <ARG type="ThemRole" value="Theme"/>
                            </ARGS>
                        </PRED>
                    </SEMANTICS>
                </FRAME>
            </FRAMES>
            <SUBCLASSES>
                <VNSUBCLASS ID="push-12-1-1">
                    <MEMBERS>
                        <MEMBER name="jostle" wn="jostle%2:38:02 jostle%2:38:00" grouping=""/>
                        <MEMBER name="nudge" wn="nudge%2:35:00" grouping=""/>
                        <MEMBER name="press" wn="press%2:35:00 press%2:38:00" grouping="press.01"/>
                        <MEMBER name="push" wn="push%2:38:00" grouping="push.01"/>
                        <MEMBER name="shove" wn="shove%2:38:00 shove%2:35:00 shove%2:38:01" grouping="shove.01"/>
                        <MEMBER name="squeeze" wn="squeeze%2:35:03" grouping="squeeze.03"/>
                        <MEMBER name="thrust" wn="thrust%2:38:00 thrust%2:38:02" grouping="thrust.01 thrust.03"/>
                    </MEMBERS>
                    <THEMROLES/>
                    <FRAMES>
                        <FRAME>
                            <DESCRIPTION descriptionNumber="1.2.7" primary="NP V PP.trajectory" secondary="PP" xtag="through-PP"/>
                            <EXAMPLES>
                                <EXAMPLE>Nora pushed through the crowd.</EXAMPLE>
                            </EXAMPLES>
                            <SYNTAX>
                                <NP value="Agent">
                                    <SYNRESTRS/>
                                </NP>
                                <VERB/>
                                <PREP>
                                    <SELRESTRS>
                                        <SELRESTR Value="+" type="dir"/>
                                    </SELRESTRS>
                                </PREP>
                                <NP value="Trajectory">
                                    <SELRESTRS/>
                                </NP>
                            </SYNTAX>
                            <SEMANTICS>
                                <PRED value="cause">
                                    <ARGS>
                                        <ARG type="ThemRole" value="Agent"/>
                                        <ARG type="Event" value="E"/>
                                    </ARGS>
                                </PRED>
                                <PRED value="contact">
                                    <ARGS>
                                        <ARG type="Event" value="during(E)"/>
                                        <ARG type="ThemRole" value="Agent"/>
                                        <ARG type="ThemRole" value="?Theme"/>
                                    </ARGS>
                                </PRED>
                                <PRED value="exert_force">
                                    <ARGS>
                                        <ARG type="Event" value="during(E)"/>
                                        <ARG type="ThemRole" value="Agent"/>
                                        <ARG type="ThemRole" value="?Theme"/>
                                    </ARGS>
                                </PRED>
                                <PRED value="motion">
                                    <ARGS>
                                        <ARG type="Event" value="during(E)"/>
                                        <ARG type="ThemRole" value="Agent"/>
                                    </ARGS>
                                </PRED>
                            </SEMANTICS>
                        </FRAME>
                      </FRAMES>
                    <SUBCLASSES/>
                </VNSUBCLASS>
            </SUBCLASSES>
        </VNSUBCLASS>
    </SUBCLASSES>
</VNCLASS>

