<?xml version="1.0" encoding="UTF-8"?>
<!DOCTYPE VNCLASS SYSTEM "vn_class-3.dtd">
<VNCLASS ID="reflexive_appearance-48.1.2" xmlns:xsi="http://www.w3.org/2001/XMLSchema-instance" xsi:noNamespaceSchemaLocation="vn_schema-3.xsd">
    <MEMBERS>
        <MEMBER name="announce" wn="" grouping=""/>
        <MEMBER name="assert" wn="assert%2:32:01" grouping="assert.02"/>
        <MEMBER name="declare" wn="declare%2:32:01" grouping="declare.01"/>
        <MEMBER name="define" wn="define%2:42:00" grouping="define.01"/>
        <MEMBER name="display" wn="display%2:39:00" grouping="display.01"/>
        <MEMBER name="exhibit" wn="" grouping="exhibit.01"/>
        <MEMBER name="expose" wn="" grouping="expose.01 expose.02"/>
        <MEMBER name="express" wn="express%2:32:01" grouping="express.01"/>
        <MEMBER name="flaunt" wn="" grouping=""/>
        <MEMBER name="form" wn="form%2:42:02" grouping="form.02"/>
        <MEMBER name="intrude" wn="intrude%2:32:00" grouping="intrude.01 intrude.02"/>
        <MEMBER name="manifest" wn="manifest%2:32:00" grouping="manifest.01"/>
        <MEMBER name="offer" wn="offer%2:31:00" grouping="offer.01"/>
        <MEMBER name="pose" wn="pose%2:42:00" grouping="pose.01"/>
        <MEMBER name="present" wn="present%2:32:00 present%2:42:00" grouping="present.01 present.03"/>
        <MEMBER name="proffer" wn="proffer%2:40:00" grouping=""/>
        <MEMBER name="propose" wn="" grouping=""/>
        <MEMBER name="reassert" wn="reassert%2:32:00" grouping=""/>
        <MEMBER name="recommend" wn="recommend%2:32:00" grouping="recommend.01"/>
        <MEMBER name="reveal" wn="" grouping=""/>
        <MEMBER name="shape" wn="?shape%2:31:00" grouping="shape.02"/>
        <MEMBER name="show" wn="show%2:31:00 show%2:32:00 show%2:39:00 show%2:39:01" grouping="show.01"/>
        <MEMBER name="suggest" wn="suggest%2:32:00 suggest%2:32:02 suggest%2:32:01" grouping="suggest.01 suggest.02 suggest.03"/>
    </MEMBERS>
    <THEMROLES>
        <THEMROLE type="Theme">
            <SELRESTRS/>
        </THEMROLE>
        <THEMROLE type="Agent">
            <SELRESTRS>
                <SELRESTR Value="+" type="animate"/>
            </SELRESTRS>
        </THEMROLE>
        <THEMROLE type="Recipient">
            <SELRESTRS>
                <SELRESTR Value="+" type="animate"/>
            </SELRESTRS>
        </THEMROLE>
        <THEMROLE type="Reflexive">
                <SELRESTRS/>
        </THEMROLE>
    </THEMROLES>
    <FRAMES>
        <FRAME>
            <DESCRIPTION descriptionNumber="0.2" primary="NP V NP" secondary="Basic Transitive" xtag=""/>
            <EXAMPLES>
                <EXAMPLE>I presented a solution.</EXAMPLE>
            </EXAMPLES>
            <SYNTAX>
                <NP value="Agent">
                    <SYNRESTRS/>
                </NP>
                <VERB/>
                <NP value="Theme">
                    <SYNRESTRS/>
                </NP>
            </SYNTAX>
            <SEMANTICS>
                <PRED value="appear">
                    <ARGS>
                        <ARG type="Event" value="during(E)"/>
                        <ARG type="ThemRole" value="Theme"/>
                    </ARGS>
                </PRED>
                <PRED value="cause">
                    <ARGS>
                        <ARG type="ThemRole" value="Agent"/>
                        <ARG type="Event" value="E"/>
                    </ARGS>
                </PRED>
            </SEMANTICS>
        </FRAME>
        <FRAME>
            <DESCRIPTION descriptionNumber="0.2" primary="NP V NP PP.recipient" secondary="NP-PP; Recipient-PP" xtag=""/>
            <EXAMPLES>
                <EXAMPLE>I presented a solution to him.</EXAMPLE>
            </EXAMPLES>
            <SYNTAX>
                <NP value="Agent">
                    <SYNRESTRS/>
                </NP>
                <VERB/>
                <NP value="Theme">
                    <SYNRESTRS/>
                </NP>
                <PREP value="to">
                    <SELRESTRS/>
                </PREP>
                <NP value="Recipient">
                    <SYNRESTRS/>
                </NP>
            </SYNTAX>
            <SEMANTICS>
                <PRED value="appear">
                    <ARGS>
                        <ARG type="Event" value="during(E)"/>
                        <ARG type="ThemRole" value="Theme"/>
                    </ARGS>
                </PRED>
                <PRED value="cause">
                    <ARGS>
                        <ARG type="ThemRole" value="Agent"/>
                        <ARG type="Event" value="E"/>
                    </ARGS>
                </PRED>
            </SEMANTICS>
        </FRAME>
        <FRAME>
            <DESCRIPTION descriptionNumber="4.2" primary="NP V NP" secondary="Reflexive of Appearance" xtag=""/>
            <EXAMPLES>
                <EXAMPLE>A solution presented itself yesterday.</EXAMPLE>
            </EXAMPLES>
            <SYNTAX>
                <NP value="Theme">
                    <SYNRESTRS/>
                </NP>
                <VERB/>
                <NP value="Reflexive">
                    <SELRESTRS>
                        <SELRESTR Value="+" type="refl"/>
                    </SELRESTRS>
                </NP>
            </SYNTAX>
            <SEMANTICS>
                <PRED value="appear">
                    <ARGS>
                        <ARG type="Event" value="during(E)"/>
                        <ARG type="ThemRole" value="Theme"/>
                    </ARGS>
                </PRED>
            </SEMANTICS>
        </FRAME>
    </FRAMES>
    <SUBCLASSES/>
</VNCLASS>
