<?xml version="1.0" encoding="UTF-8"?>
<!DOCTYPE VNCLASS SYSTEM "vn_class-3.dtd">
<VNCLASS ID="seem-109" xmlns:xsi="http://www.w3.org/2001/XMLSchema-instance" xsi:noNamespaceSchemaLocation="vn_schema-3.xsd">
    <MEMBERS>
        <MEMBER name="smell" wn="smell%2:39:00 smell%2:39:02" grouping="smell.03 smell.04 smell.05 smell.06"/>
        <MEMBER name="sound" wn="sound%2:39:06" grouping="sound.01"/>
        <MEMBER name="taste" wn="taste%2:39:02" grouping="taste.01"/>
        <MEMBER name="keep" wn="keep%2:42:00" grouping="keep.01"/>
    </MEMBERS>
    <THEMROLES>
        <THEMROLE type="Theme">
            <SELRESTRS/>
        </THEMROLE>
        <THEMROLE type="Attribute">
            <SELRESTRS/>
        </THEMROLE>
    </THEMROLES>
    <FRAMES>
        <FRAME>
            <DESCRIPTION descriptionNumber="8.1" primary="NP V ADJ" secondary="ADJP-PRED-RS" xtag="0.2"/>
            <EXAMPLES>
                <EXAMPLE>He appeared crazy.</EXAMPLE>
            </EXAMPLES>
            <SYNTAX>
                <NP value="Theme">
                    <SYNRESTRS/>
                </NP>
                <VERB/>
                 <NP value="Attribute">
                    <SYNRESTRS>
                        <SYNRESTR Value="-" type="sentential"/>
                    </SYNRESTRS>
                </NP>
            </SYNTAX>
            <SEMANTICS>
                <PRED value="seem">
                    <ARGS>
                        <ARG type="Event" value="E"/>
                        <ARG type="ThemRole" value="Theme"/>
                        <ARG type="ThemRole" value="Attribute"/>
                    </ARGS>
                </PRED>
            </SEMANTICS>
        </FRAME>
    </FRAMES>
    <SUBCLASSES>
	<VNSUBCLASS ID="seem-109-1">
	    <MEMBERS>
	        <MEMBER name="act" wn="" grouping="" />
	    </MEMBERS>
	    <THEMROLES/>
	    <FRAMES>
	        <FRAME>
	            <DESCRIPTION descriptionNumber="8.1" primary="NP V NP" secondary="NP-PRED-RS" xtag="0.2"/>
		    <EXAMPLES>
		        <EXAMPLE>He seemed a fool.</EXAMPLE>
		    </EXAMPLES>
		    <SYNTAX>
		        <NP value="Theme">
		            <SYNRESTRS/>
		        </NP>
		        <VERB/>
		        <NP value="Attribute">
		            <SYNRESTRS>
		                <SYNRESTR Value="-" type="sentential"/>
		            </SYNRESTRS>
		        </NP>
		    </SYNTAX>
		    <SEMANTICS>
		        <PRED value="seem">
		            <ARGS>
		               <ARG type="Event" value="E"/>
		               <ARG type="ThemRole" value="Theme"/>
		               <ARG type="ThemRole" value="Attribute"/>
		            </ARGS>
		        </PRED>
		    </SEMANTICS>
	        </FRAME>
	    </FRAMES>
	    <SUBCLASSES>
	        <VNSUBCLASS ID="seem-109-1-1">
	            <MEMBERS>
	                <MEMBER name="be" wn="be%2:42:03 be%2:42:06 be%2:42:05 be%2:42:02 be%2:41:00" grouping="be.01 be.03"/>
	                <MEMBER name="feel" wn="feel%2:31:00 feel%2:29:00 feel%2:31:01" grouping="feel.01"/>
	                <MEMBER name="look" wn="look%2:39:01 look%2:29:00" grouping="look.02"/>
	                <MEMBER name="remain" wn="remain%2:30:00 remain%2:42:03 remain%2:42:05" grouping="remain.01"/>
	                <MEMBER name="stay" wn="stay%2:30:00 stay%2:42:03" grouping="stay.01"/>
	            </MEMBERS>
	            <THEMROLES/>
	            <FRAMES>
			<FRAME>
		        <DESCRIPTION descriptionNumber="8.1" primary="NP V PP.attribute" secondary="PP-PRED-RSin-PP" xtag="0.2"/>
			    <EXAMPLES>
				<EXAMPLE>The matter seems in dispute.</EXAMPLE>
			    </EXAMPLES>
			    <SYNTAX>
				<NP value="Theme">
				    <SYNRESTRS/>
				</NP>
				<VERB/>
				<PREP value="in">
				    <SELRESTRS/>
				</PREP>
				<NP value="Attribute">
				    <SYNRESTRS>
					<SYNRESTR Value="-" type="sentential"/>
				    </SYNRESTRS>
				</NP>
			    </SYNTAX>
			    <SEMANTICS>
				<PRED value="seem">
				    <ARGS>
				       <ARG type="Event" value="E"/>
				       <ARG type="ThemRole" value="Theme"/>
				       <ARG type="ThemRole" value="Attribute"/>
				    </ARGS>
				</PRED>
			    </SEMANTICS>
			</FRAME>
	            </FRAMES>
            	<SUBCLASSES>
		    <VNSUBCLASS ID="seem-109-1-1-1">
			<MEMBERS>
			    <MEMBER name="seem" wn="seem%2:39:00 seem%2:39:01" grouping="seem.01"/>
			    <MEMBER name="appear" wn="appear%2:39:01 appear%2:39:00" grouping="appear.01"/>
			    <MEMBER name="prove" wn="prove%2:42:00" grouping="prove.01 prove.02"/>
			</MEMBERS>
			<THEMROLES/>
			<FRAMES>
			    <FRAME>
				<DESCRIPTION descriptionNumber="8.1" primary="NP V S_INF" secondary="TO-INF-RS" xtag="0.2"/>
				<EXAMPLES>
				    <EXAMPLE>He seemed to come.</EXAMPLE>
				</EXAMPLES>
				    <SYNTAX>
					<NP value="Theme">
					    <SYNRESTRS/>
					</NP>
					<VERB/>
					<NP value="Attribute">
					    <SYNRESTRS>
						<SYNRESTR Value="+" type="rs_to_inf"/>
					    </SYNRESTRS>
					</NP>
				    </SYNTAX>
				    <SEMANTICS>
				 	<PRED value="seem">
					    <ARGS>
					        <ARG type="Event" value="E"/>
						<ARG type="ThemRole" value="Theme"/>
						<ARG type="ThemRole" value="Attribute"/>
					    </ARGS>
					</PRED>
				    </SEMANTICS>
				</FRAME>
			    </FRAMES>
                        <SUBCLASSES/>
		    </VNSUBCLASS>
	        </SUBCLASSES>
            </VNSUBCLASS>
        </SUBCLASSES>
    </VNSUBCLASS>
    </SUBCLASSES>
</VNCLASS>



