<?xml version="1.0" encoding="UTF-8"?>
<!DOCTYPE VNCLASS SYSTEM "vn_class-3.dtd">
<VNCLASS ID="spatial_configuration-47.6" xmlns:xsi="http://www.w3.org/2001/XMLSchema-instance" xsi:noNamespaceSchemaLocation="vn_schema-3.xsd">
    <MEMBERS>
        <!--individual verbs specify what spatial position Pos refers to
        "straddle" also takes a transitive ("John straddled the horse")-->
        <MEMBER name="balance" wn="balance%2:42:00 balance%2:42:01" grouping="balance.01"/>
        <MEMBER name="bend" wn="bend%2:38:00 bend%2:35:00" grouping="bend.02 bend.05"/>
        <MEMBER name="bow" wn="bow%2:32:00 bow%2:38:00 bow%2:38:01" grouping="bow.01 bow.02"/>
        <MEMBER name="crouch" wn="crouch%2:35:00" grouping=""/>
        <MEMBER name="dangle" wn="dangle%2:42:00 dangle%2:35:00" grouping=""/>
        <MEMBER name="droop" wn="" grouping="droop.01"/>
        <MEMBER name="flop" wn="" grouping="flop.01"/>
        <MEMBER name="fly" wn="fly%2:39:00" grouping="fly.01"/>
        <MEMBER name="hang" wn="hang%2:35:03 hang%2:35:00 hang%2:35:02 hang%2:42:01 hang%2:36:00 hang%2:35:05 hang%2:35:04 hang%2:30:00" grouping="hang.01"/>
        <MEMBER name="hover" wn="hover%2:38:00 hover%2:38:01" grouping="hover.02"/>
        <MEMBER name="huddle" wn="" grouping=""/>
        <MEMBER name="hunch" wn="" grouping=""/>
        <MEMBER name="jut" wn="jut%2:42:00" grouping=""/>
        <MEMBER name="kneel" wn="kneel%2:35:00" grouping=""/>
        <MEMBER name="lean" wn="lean%2:38:00 lean%2:35:00" grouping="lean.01"/>
        <MEMBER name="lie" wn="lie%2:42:00 lie%2:35:00" grouping="lie.01"/>
        <MEMBER name="loll" wn="loll%2:42:01" grouping=""/>
        <MEMBER name="loom" wn="loom%2:42:06" grouping="loom.02"/>
        <MEMBER name="lounge" wn="lounge%2:35:00" grouping=""/>
        <MEMBER name="nestle" wn="nestle%2:35:00" grouping=""/>
        <MEMBER name="open" wn="open%2:35:00" grouping="open.01"/>
        <MEMBER name="perch" wn="perch%2:35:00 perch%2:35:10" grouping=""/>
        <MEMBER name="plop" wn="plop%2:35:00" grouping="plop.01"/>
        <MEMBER name="project" wn="project%2:42:00 project%2:36:03" grouping="project.02 project.03"/>
        <MEMBER name="protrude" wn="protrude%2:42:00" grouping=""/>
        <MEMBER name="recline" wn="recline%2:38:00 recline%2:35:00" grouping="recline.01"/>
        <MEMBER name="repose" wn="" grouping=""/>
        <MEMBER name="rest" wn="rest%2:35:00 rest%2:42:12 rest%2:35:04 rest%2:35:01" grouping="rest.02"/>
        <MEMBER name="rise" wn="rise%2:42:00" grouping="rise.01"/>
        <MEMBER name="roost" wn="roost%2:35:00" grouping=""/>
        <MEMBER name="sag" wn="sag%2:38:00 sag%2:38:01" grouping="sag.01"/>
        <MEMBER name="sit" wn="sit%2:35:00 sit%2:42:00" grouping="sit.01 sit.02"/>
        <MEMBER name="slope" wn="slope%2:38:00" grouping=""/>
        <MEMBER name="slouch" wn="" grouping=""/>
        <MEMBER name="slump" wn="" grouping="slump.01"/>
        <MEMBER name="sprawl" wn="sprawl%2:35:00" grouping=""/>
        <MEMBER name="squat" wn="squat%2:35:00 squat%2:42:01" grouping="squat.01 squat.02"/>
        <MEMBER name="stand" wn="stand%2:35:00 stand%2:35:01" grouping="stand.01 stand.02"/>
        <MEMBER name="stoop" wn="stoop%2:38:05" grouping=""/>
        <MEMBER name="straddle" wn="straddle%2:42:01" grouping="straddle.01"/>
        <MEMBER name="swag" wn="swag%2:38:02" grouping="swag.01"/>
        <MEMBER name="swing" wn="swing%2:38:02 swing%2:42:00" grouping="swing.02"/>
        <MEMBER name="tilt" wn="tilt%2:38:00" grouping="tilt.01"/>
        <MEMBER name="tower" wn="tower%2:42:00" grouping=""/>
        <MEMBER name="yaw" wn="yaw%2:42:00" grouping="yaw.01"/>
    </MEMBERS>
    <THEMROLES>
        <THEMROLE type="Agent">
            <SELRESTRS>
                <SELRESTR Value="+" type="animate"/>
            </SELRESTRS>
        </THEMROLE>
        <THEMROLE type="Theme">
            <SELRESTRS>
                <SELRESTR Value="+" type="concrete"/>
            </SELRESTRS>
        </THEMROLE>
        <THEMROLE type="Location">
            <SELRESTRS>
                <SELRESTR Value="+" type="location"/>
                <SELRESTR Value="-" type="region"/>
            </SELRESTRS>
        </THEMROLE>
    </THEMROLES>
    <FRAMES>
        <FRAME>
            <DESCRIPTION descriptionNumber="0.1" primary="NP V" secondary="Basic Intransitive" xtag="0.1"/>
            <EXAMPLES>
                <EXAMPLE>John slouched.</EXAMPLE>
            </EXAMPLES>
            <SYNTAX>
                <NP value="Theme">
                    <SYNRESTRS/>
                </NP>
                <VERB/>
            </SYNTAX>
            <SEMANTICS>
                <PRED value="position">
                    <ARGS>
                        <ARG type="Event" value="E"/>
                        <ARG type="ThemRole" value="Theme"/>
                        <ARG type="VerbSpecific" value="Pos"/>
                    </ARGS>
                </PRED>
            </SEMANTICS>
            <!--some verbs-->
        </FRAME>
        <FRAME>
            <DESCRIPTION descriptionNumber="0.1" primary="NP V PP.location" secondary="PP; locative-PP" xtag=""/>
            <EXAMPLES>
                <EXAMPLE>The statue stood on the corner.</EXAMPLE>
            </EXAMPLES>
            <SYNTAX>
                <NP value="Theme">
                    <SYNRESTRS/>
                </NP>
                <VERB/>
                <PREP>
                    <SELRESTRS>
                        <SELRESTR Value="+" type="loc"/>
                    </SELRESTRS>
                </PREP>
                <NP value="Location">
                    <SYNRESTRS/>
                </NP>
            </SYNTAX>
            <SEMANTICS>
                <PRED value="position">
                    <ARGS>
                        <ARG type="Event" value="E"/>
                        <ARG type="ThemRole" value="Theme"/>
                        <ARG type="VerbSpecific" value="Pos"/>
                    </ARGS>
                </PRED>
                <PRED value="Prep">
                    <ARGS>
                        <ARG type="Event" value="E"/>
                        <ARG type="ThemRole" value="Theme"/>
                        <ARG type="ThemRole" value="Location"/>
                    </ARGS>
                </PRED>
            </SEMANTICS>
        </FRAME>
        <FRAME>
            <DESCRIPTION descriptionNumber="6.1" primary="There V PP NP" secondary="PP-NP; Expletive-there Subject" xtag=""/>
            <EXAMPLES>
                <EXAMPLE>There stood on the corner a statue.</EXAMPLE>
            </EXAMPLES>
            <SYNTAX>
                <LEX value="there"/>
                <VERB/>
                <PREP>
                    <SELRESTRS>
                        <SELRESTR Value="+" type="loc"/>
                    </SELRESTRS>
                </PREP>
                <NP value="Location">
                    <SYNRESTRS/>
                </NP>
                <NP value="Theme">
                    <SYNRESTRS>
                        <SYNRESTR Value="-" type="definite"/>
                    </SYNRESTRS>
                </NP>
            </SYNTAX>
            <SEMANTICS>
                <PRED value="position">
                    <ARGS>
                        <ARG type="Event" value="E"/>
                        <ARG type="ThemRole" value="Theme"/>
                        <ARG type="VerbSpecific" value="Pos"/>
                    </ARGS>
                </PRED>
                <PRED value="Prep">
                    <ARGS>
                        <ARG type="Event" value="E"/>
                        <ARG type="ThemRole" value="Theme"/>
                        <ARG type="ThemRole" value="Location"/>
                    </ARGS>
                </PRED>
            </SEMANTICS>
        </FRAME>
        <FRAME>
            <DESCRIPTION descriptionNumber="6.2" primary="PP.location V NP" secondary="Locative Inversion" xtag=""/>
            <EXAMPLES>
                <EXAMPLE>On the pedestal stood a statue.</EXAMPLE>
            </EXAMPLES>
            <SYNTAX>
                <PREP>
                    <SELRESTRS>
                        <SELRESTR Value="+" type="loc"/>
                    </SELRESTRS>
                </PREP>
                <NP value="Location">
                    <SYNRESTRS/>
                </NP>
                <VERB/>
                <NP value="Theme">
                    <SYNRESTRS/>
                </NP>
            </SYNTAX>
            <SEMANTICS>
                <PRED value="position">
                    <ARGS>
                        <ARG type="Event" value="E"/>
                        <ARG type="ThemRole" value="Theme"/>
                        <ARG type="VerbSpecific" value="Pos"/>
                    </ARGS>
                </PRED>
                <PRED value="Prep">
                    <ARGS>
                        <ARG type="Event" value="E"/>
                        <ARG type="ThemRole" value="Theme"/>
                        <ARG type="ThemRole" value="Location"/>
                    </ARGS>
                </PRED>
            </SEMANTICS>
        </FRAME>
        <FRAME>
            <DESCRIPTION descriptionNumber="" primary="NP V NP.theme PP" secondary="NP; Causative variant" xtag=""/>
            <EXAMPLES>
                <EXAMPLE>They stood the statue on the pedestal.</EXAMPLE>
            </EXAMPLES>
            <SYNTAX>
                <NP value="Agent">
                    <SYNRESTRS/>
                </NP>
                <VERB/>
                <NP value="Theme">
                    <SYNRESTRS/>
                </NP>
                <PREP>
                    <SELRESTRS>
                        <SELRESTR Value="+" type="loc"/>
                    </SELRESTRS>
                </PREP>
                <NP value="Location">
                    <SYNRESTRS/>
                </NP>
            </SYNTAX>
            <SEMANTICS>
                <PRED value="cause">
                    <ARGS>
                        <ARG type="ThemRole" value="Agent"/>
                        <ARG type="Event" value="E"/>
                    </ARGS>
                </PRED>
                <PRED bool="!" value="position">
                    <ARGS>
                        <ARG type="Event" value="start(E)"/>
                        <ARG type="ThemRole" value="Theme"/>
                        <ARG type="VerbSpecific" value="Pos"/>
                    </ARGS>
                </PRED>
                <PRED value="position">
                    <ARGS>
                        <ARG type="Event" value="end(E)"/>
                        <ARG type="ThemRole" value="Theme"/>
                        <ARG type="VerbSpecific" value="Pos"/>
                    </ARGS>
                </PRED>
                <PRED value="Prep">
                    <ARGS>
                        <ARG type="Event" value="E"/>
                        <ARG type="ThemRole" value="Theme"/>
                        <ARG type="ThemRole" value="Location"/>
                    </ARGS>
                </PRED>
            </SEMANTICS>
            <!--some verbs, cf. put_spatial-9.2-->
        </FRAME>
    </FRAMES>
    <SUBCLASSES/>
</VNCLASS>
