<?xml version="1.0" encoding="UTF-8"?>
<!DOCTYPE VNCLASS SYSTEM "vn_class-3.dtd">
<VNCLASS ID="suffocate-40.7" xmlns:xsi="http://www.w3.org/2001/XMLSchema-instance" xsi:noNamespaceSchemaLocation="vn_schema-3.xsd">
    <MEMBERS>
        <MEMBER name="asphyxiate" wn="asphyxiate%2:35:00 asphyxiate%2:35:01" grouping=""/>
        <MEMBER name="choke" wn="choke%2:29:00 choke%2:35:00 choke%2:35:02 choke%2:29:04 choke%2:29:03 choke%2:35:03 choke%2:29:01" grouping="choke.01 choke.02"/>
        <MEMBER name="drown" wn="drown%2:30:00 drown%2:30:01" grouping="drown.01"/>
        <MEMBER name="starve" wn="" grouping="starve.01"/>
        <MEMBER name="stifle" wn="stifle%2:35:00" grouping="stifle.02"/>
        <MEMBER name="suffocate" wn="suffocate%2:35:00 suffocate%2:35:01 suffocate%2:30:02 suffocate%2:29:01" grouping=""/>
    </MEMBERS>
    <THEMROLES>
        <THEMROLE type="Agent">
            <SELRESTRS>
                <SELRESTR Value="+" type="animate"/>
            </SELRESTRS>
        </THEMROLE>
        <THEMROLE type="Theme">
            <SELRESTRS>
                <SELRESTR Value="+" type="animate"/>
            </SELRESTRS>
        </THEMROLE>
        <THEMROLE type="Result">
                <SELRESTRS/>
        </THEMROLE>
    </THEMROLES>
    <FRAMES>
        <FRAME>
            <DESCRIPTION descriptionNumber="1.1.2.1" primary="NP V NP.theme" secondary="Transitive; Causative variant" xtag=""/>
            <EXAMPLES>
                <EXAMPLE>The pirates drowned the sailor.</EXAMPLE>
            </EXAMPLES>
            <SYNTAX>
                <NP value="Agent">
                    <SYNRESTRS/>
                </NP>
                <VERB/>
                <NP value="Theme">
                    <SYNRESTRS/>
                </NP>
            </SYNTAX>
            <SEMANTICS>
                <PRED value="cause">
                    <ARGS>
                        <ARG type="ThemRole" value="Agent"/>
                        <ARG type="Event" value="E"/>
                    </ARGS>
                </PRED>
                <PRED value="suffocate">
                    <ARGS>
                        <ARG type="Event" value="during(E)"/>
                        <ARG type="ThemRole" value="Theme"/>
                    </ARGS>
                </PRED>
            </SEMANTICS>
        </FRAME>
        <FRAME>
            <DESCRIPTION descriptionNumber="1.1.2.1" primary="NP.theme V" secondary="Intransitive; Inchoative" xtag=""/>
            <EXAMPLES>
                <EXAMPLE>The sailor drowned.</EXAMPLE>
            </EXAMPLES>
            <SYNTAX>
                <NP value="Theme">
                    <SYNRESTRS/>
                </NP>
                <VERB/>
            </SYNTAX>
            <SEMANTICS>
                <PRED value="suffocate">
                    <ARGS>
                        <ARG type="Event" value="during(E)"/>
                        <ARG type="ThemRole" value="Theme"/>
                    </ARGS>
                </PRED>
            </SEMANTICS>
        </FRAME>
        <FRAME>
            <DESCRIPTION descriptionNumber="0.4" primary="NP V PP.result" secondary="PP; Result-PP" xtag=""/>
            <EXAMPLES>
                <EXAMPLE>He choked/suffocated to death.</EXAMPLE>
            </EXAMPLES>
            <SYNTAX>
                <NP value="Theme">
                    <SYNRESTRS/>
                </NP>
                <VERB/>
                <PREP value="to">
                    <SELRESTRS/>
                </PREP>
                <NP value="Result">
                    <SELRESTRS>
                        <SELRESTR Value="+" type="state"/>
                    </SELRESTRS>
                </NP>
            </SYNTAX>
            <SEMANTICS>
                <PRED value="suffocate">
                    <ARGS>
                        <ARG type="Event" value="during(E)"/>
                        <ARG type="ThemRole" value="Theme"/>
                    </ARGS>
                </PRED>
                <PRED value="Pred">
                    <ARGS>
                        <ARG type="Event" value="result(E)"/>
                        <ARG type="ThemRole" value="Theme"/>
                    </ARGS>
                </PRED>
            </SEMANTICS>
        </FRAME>
        <FRAME>
            <DESCRIPTION descriptionNumber="0.4" primary="NP V NP PP.result" secondary="NP-PP; Result-PP" xtag=""/>
            <EXAMPLES>
                <EXAMPLE>The pirate choked the sailor to death.</EXAMPLE>
            </EXAMPLES>
            <SYNTAX>
                <NP value="Agent">
                    <SYNRESTRS/>
                </NP>
                <VERB/>
                <NP value="Theme">
                    <SYNRESTRS/>
                </NP>
                <PREP value="to">
                    <SELRESTRS/>
                </PREP>
                <NP value="Result">
                    <SELRESTRS>
                        <SELRESTR Value="+" type="state"/>
                    </SELRESTRS>
                </NP>
            </SYNTAX>
            <SEMANTICS>
                <PRED value="cause">
                    <ARGS>
                        <ARG type="ThemRole" value="Agent"/>
                        <ARG type="Event" value="E"/>
                    </ARGS>
                </PRED>
                <PRED value="suffocate">
                    <ARGS>
                        <ARG type="Event" value="during(E)"/>
                        <ARG type="ThemRole" value="Theme"/>
                    </ARGS>
                </PRED>
                <PRED value="Pred">
                    <ARGS>
                        <ARG type="Event" value="result(E)"/>
                        <ARG type="ThemRole" value="Theme"/>
                    </ARGS>
                </PRED>
            </SEMANTICS>
        </FRAME>
    </FRAMES>
    <SUBCLASSES/>
</VNCLASS>

