<?xml version="1.0" encoding="UTF-8"?>
<!DOCTYPE VNCLASS SYSTEM "vn_class-3.dtd">
<VNCLASS ID="tape-22.4" xmlns:xsi="http://www.w3.org/2001/XMLSchema-instance" xsi:noNamespaceSchemaLocation="vn_schema-3.xsd">
    <MEMBERS>
        <MEMBER name="affix" wn="affix%2:35:00 affix%2:35:01 affix%2:35:02" grouping=""/>
        <MEMBER name="anchor" wn="anchor%2:35:01" grouping=""/>
        <MEMBER name="band" wn="band%2:35:00" grouping=""/>
        <MEMBER name="belt" wn="belt%2:35:01" grouping="belt.03"/>
        <MEMBER name="bond" wn="bond%2:35:00" grouping="bond.01"/>
        <MEMBER name="bolt" wn="bolt%2:35:00" grouping="bolt.02"/>
        <MEMBER name="bracket" wn="?bracket%2:35:00" grouping=""/>
        <MEMBER name="buckle" wn="buckle%2:35:00" grouping="buckle.01"/>
        <MEMBER name="button" wn="button%2:35:00" grouping=""/>
        <MEMBER name="cable" wn="cable%2:35:00" grouping=""/>
        <MEMBER name="cement" wn="cement%2:35:00" grouping="cement.01"/>
        <MEMBER name="chain" wn="chain%2:35:00" grouping="chain.02"/>
        <MEMBER name="cinch" wn="cinch%2:35:00" grouping=""/>
        <MEMBER name="connect" wn="connect%2:35:00" grouping="connect.01"/> 
        <MEMBER name="epoxy" wn="epoxy%2:35:00" grouping=""/>
        <MEMBER name="fasten" wn="fasten%2:35:00 fasten%2:35:01" grouping="fasten.01"/>
        <MEMBER name="fetter" wn="fetter%2:35:00" grouping=""/>
        <MEMBER name="glue" wn="glue%2:35:00" grouping="glue.01"/>
        <MEMBER name="gum" wn="gum%2:35:00" grouping="gum.01"/>
        <MEMBER name="handcuff" wn="handcuff%2:35:00" grouping=""/>
        <MEMBER name="harness" wn="harness%2:35:00" grouping="harness.01"/>
        <MEMBER name="hinge" wn="hinge%2:35:00" grouping=""/>
        <MEMBER name="hitch" wn="" grouping=""/>
        <MEMBER name="hook" wn="hook%2:35:00" grouping="hook.01"/>
        <MEMBER name="knot" wn="knot%2:35:00" grouping=""/>
        <MEMBER name="lace" wn="lace%2:35:01" grouping="lace.01"/>
        <MEMBER name="lash" wn="lash%2:35:02" grouping="lash.03"/>
        <MEMBER name="lasso" wn="?lasso%2:35:00" grouping=""/>
        <MEMBER name="latch" wn="latch%2:35:00" grouping=""/>
        <MEMBER name="leash" wn="leash%2:35:00" grouping=""/>
        <MEMBER name="link" wn="link%2:35:00 link%2:35:02" grouping="link.02"/>
        <MEMBER name="lock" wn="lock%2:35:00" grouping="lock.01"/>
        <MEMBER name="loop" wn="loop%2:35:01" grouping="loop.02"/>
        <MEMBER name="manacle" wn="manacle%2:35:00" grouping=""/>
        <MEMBER name="moor" wn="moor%2:35:01 moor%2:35:00" grouping=""/>
        <MEMBER name="muzzle" wn="muzzle%2:40:00 muzzle%2:39:00" grouping=""/>
        <MEMBER name="nail" wn="nail%2:35:00" grouping="nail.01"/>
        <MEMBER name="padlock" wn="padlock%2:35:00" grouping=""/>
        <MEMBER name="paste" wn="paste%2:35:00" grouping="paste.01"/> 
        <MEMBER name="peg" wn="peg%2:35:00" grouping="peg.03"/>
        <MEMBER name="pin" wn="pin%2:35:01" grouping="pin.01"/>
        <MEMBER name="plaster" wn="plaster%2:35:10" grouping=""/>
        <MEMBER name="rivet" wn="rivet%2:35:00" grouping=""/>
        <MEMBER name="rope" wn="rope%2:35:00" grouping=""/>
        <MEMBER name="screw" wn="screw%2:35:01" grouping="screw.01"/>
        <MEMBER name="seal" wn="seal%2:35:00" grouping="seal.01"/>
        <MEMBER name="shackle" wn="shackle%2:35:01 shackle%2:35:00" grouping=""/>
        <MEMBER name="skewer" wn="skewer%2:35:00" grouping=""/>
        <MEMBER name="solder" wn="solder%2:35:00" grouping=""/>
        <MEMBER name="staple" wn="staple%2:35:00" grouping=""/>
        <MEMBER name="stitch" wn="stitch%2:35:00" grouping=""/>
        <MEMBER name="strap" wn="strap%2:35:00" grouping="strap.01"/>
        <MEMBER name="string" wn="string%2:35:04" grouping="string.03"/>
        <MEMBER name="suture" wn="suture%2:35:00" grouping=""/> 
        <MEMBER name="tack" wn="tack%2:35:00" grouping="tack.01 tack.02"/>
        <MEMBER name="tape" wn="tape%2:35:00" grouping="tape.01"/>
        <MEMBER name="tether" wn="tether%2:35:00" grouping=""/>
        <MEMBER name="thread" wn="" grouping="thread.01"/>
        <MEMBER name="thumbtack" wn="thumbtack%2:35:00" grouping=""/>
        <MEMBER name="tie" wn="tie%2:35:00 tie%2:35:01" grouping="tie.01"/>
        <MEMBER name="trammel" wn="" grouping=""/>
        <MEMBER name="truss" wn="truss%2:35:02" grouping=""/>
        <MEMBER name="weld" wn="weld%2:35:00" grouping="weld.01"/>
        <MEMBER name="wire" wn="wire%2:35:00" grouping="wire.02"/>
        <MEMBER name="yoke" wn="yoke%2:35:01 yoke%2:35:00" grouping=""/>
        <MEMBER name="zip" wn="zip%2:35:00" grouping="zip.01"/>
    </MEMBERS>
    <THEMROLES>
        <!--Patient is interpreted as Figure, Co-Patient as Ground-->
        <!--Each verb specifies an Instrument-->
        <THEMROLE type="Agent">
            <SELRESTRS logic="or">
                <SELRESTR Value="+" type="animate"/>
                <SELRESTR Value="+" type="machine"/>
            </SELRESTRS>
        </THEMROLE>
        <THEMROLE type="Patient">
            <SELRESTRS>
                <SELRESTR Value="+" type="solid"/>
            </SELRESTRS>
        </THEMROLE>
        <THEMROLE type="Co-Patient">
            <SELRESTRS>
                <SELRESTR Value="+" type="solid"/>
            </SELRESTRS>
        </THEMROLE>
        <THEMROLE type="Instrument">
            <SELRESTRS>
                <SELRESTR Value="+" type="concrete"/>
                <SELRESTR Value="-" type="animate"/>
            </SELRESTRS>
        </THEMROLE>
        <!--Instrument is realized in the verb-->
        <THEMROLE type="Result">
            <SELRESTRS/>
        </THEMROLE>
    </THEMROLES>
    <FRAMES>
        <FRAME>
            <DESCRIPTION descriptionNumber="0.2" primary="NP V NP" secondary="Basic Transitive" xtag="0.2"/>
            <EXAMPLES>
                <EXAMPLE>Linda taped the picture.</EXAMPLE>
            </EXAMPLES>
            <SYNTAX>
                <NP value="Agent">
                    <SYNRESTRS/>
                </NP>
                <VERB/>
                <NP value="Patient">
                    <SYNRESTRS/>
                </NP>
            </SYNTAX>
            <SEMANTICS>
                <PRED value="cause">
                    <ARGS>
                        <ARG type="ThemRole" value="Agent"/>
                        <ARG type="Event" value="E"/>
                    </ARGS>
                </PRED>
                <PRED value="attached">
                    <ARGS>
                        <ARG type="Event" value="end(E)"/>
                        <ARG type="ThemRole" value="Patient"/>
                        <ARG type="VerbSpecific" value="Instrument"/>
                    </ARGS>
                </PRED>
            </SEMANTICS>
        </FRAME>
        <FRAME>
            <DESCRIPTION descriptionNumber="0.2" primary="NP V NP PP.co-patient" secondary="NP-PP; locative-PP" xtag=""/>
            <EXAMPLES>
                <EXAMPLE>Linda taped the picture to the wall.</EXAMPLE>
            </EXAMPLES>
            <SYNTAX>
                <NP value="Agent">
                    <SYNRESTRS/>
                </NP>
                <VERB/>
                <NP value="Patient">
                    <SYNRESTRS/>
                </NP>
                <PREP value="to on onto">
                    <SELRESTRS/>
                </PREP>
                <NP value="Co-Patient">
                    <SYNRESTRS/>
                </NP>
            </SYNTAX>
            <SEMANTICS>
                <PRED value="cause">
                    <ARGS>
                        <ARG type="ThemRole" value="Agent"/>
                        <ARG type="Event" value="E"/>
                    </ARGS>
                </PRED>
                <PRED value="together">
                    <ARGS>
                        <ARG type="Event" value="end(E)"/>
                        <ARG type="Constant" value="physical"/>
                        <ARG type="ThemRole" value="Patient"/>
                        <ARG type="ThemRole" value="Co-Patient"/>
                    </ARGS>
                </PRED>
                <PRED value="attached">
                    <ARGS>
                        <ARG type="Event" value="end(E)"/>
                        <ARG type="ThemRole" value="Patient"/>
                        <ARG type="VerbSpecific" value="Instrument"/>
                    </ARGS>
                </PRED>
                <PRED value="attached">
                    <ARGS>
                        <ARG type="Event" value="end(E)"/>
                        <ARG type="ThemRole" value="Co-Patient"/>
                        <ARG type="VerbSpecific" value="Instrument"/>
                    </ARGS>
                </PRED>
            </SEMANTICS>
        </FRAME>
        <FRAME>
            <DESCRIPTION descriptionNumber="2.5.2" primary="NP V NP together" secondary="Together Reciprocal Alternation Transitive" xtag=""/>
            <EXAMPLES>
                <EXAMPLE>Linda taped the label and the cover together.</EXAMPLE>
            </EXAMPLES>
            <SYNTAX>
                <NP value="Agent">
                    <SYNRESTRS/>
                </NP>
                <VERB/>
                <NP value="Patient">
                    <SYNRESTRS>
                        <SYNRESTR Value="+" type="plural"/>
                    </SYNRESTRS>
                </NP>
                <LEX value="together"/>
            </SYNTAX>
            <SEMANTICS>
                <PRED value="cause">
                    <ARGS>
                        <ARG type="ThemRole" value="Agent"/>
                        <ARG type="Event" value="E"/>
                    </ARGS>
                </PRED>
                <PRED value="together">
                    <ARGS>
                        <ARG type="Event" value="end(E)"/>
                        <ARG type="Constant" value="physical"/>
                        <ARG type="ThemRole" value="Patient_i"/>
                        <ARG type="ThemRole" value="Patient_j"/>
                    </ARGS>
                </PRED>
                <PRED value="attached">
                    <ARGS>
                        <ARG type="Event" value="end(E)"/>
                        <ARG type="ThemRole" value="Patient_i"/>
                        <ARG type="VerbSpecific" value="Instrument"/>
                    </ARGS>
                </PRED>
                <PRED value="attached">
                    <ARGS>
                        <ARG type="Event" value="end(E)"/>
                        <ARG type="ThemRole" value="Patient_j"/>
                        <ARG type="VerbSpecific" value="Instrument"/>
                    </ARGS>
                </PRED>
            </SEMANTICS>
        </FRAME>
        <FRAME>
            <DESCRIPTION descriptionNumber="1.1.1" primary="NP V ADV-Middle PP" secondary="Middle Construction" xtag=""/>
            <EXAMPLES>
                <EXAMPLE>Labels tape easily to that kind of cover.</EXAMPLE>
            </EXAMPLES>
            <SYNTAX>
                <NP value="Patient">
                    <SYNRESTRS/>
                </NP>
                <VERB/>
                <ADV/>
                <PREP value="to on onto">
                    <SELRESTRS/>
                </PREP>
                <NP value="Co-Patient">
                    <SYNRESTRS/>
                </NP>
            </SYNTAX>
            <SEMANTICS>
                <PRED value="property">
                    <ARGS>
                        <ARG type="ThemRole" value="Patient+Co-Patient"/>
                        <ARG type="VerbSpecific" value="Prop"/>
                    </ARGS>
                </PRED>
                <PRED value="Adv">
                    <ARGS>
                        <ARG type="VerbSpecific" value="Prop"/>
                    </ARGS>
                </PRED>
            </SEMANTICS>
        </FRAME>
        <FRAME>
            <DESCRIPTION descriptionNumber="1.1.1" primary="NP V ADV-Middle" secondary="Middle Construction" xtag=""/>
            <EXAMPLES>
                <EXAMPLE>Most labels tape easily.</EXAMPLE>
            </EXAMPLES>
            <SYNTAX>
                <NP value="Patient">
                    <SYNRESTRS>
                        <SYNRESTR Value="+" type="plural"/>
                    </SYNRESTRS>
                </NP>
                <VERB/>
                <ADV/>
            </SYNTAX>
            <SEMANTICS>
                <PRED value="property">
                    <ARGS>
                        <ARG type="ThemRole" value="Patient_i+Patient_j"/>
                        <ARG type="VerbSpecific" value="Prop"/>
                    </ARGS>
                </PRED>
                <PRED value="Adv">
                    <ARGS>
                        <ARG type="VerbSpecific" value="Prop"/>
                    </ARGS>
                </PRED>
            </SEMANTICS>
        </FRAME>
        <FRAME>
            <DESCRIPTION descriptionNumber="1.1.1" primary="NP V ADV-Middle together" secondary="Middle Construction" xtag=""/>
            <EXAMPLES>
                <EXAMPLE>Labels and covers tape easily together.</EXAMPLE>
            </EXAMPLES>
            <SYNTAX>
                <NP value="Patient">
                    <SYNRESTRS>
                        <SYNRESTR Value="+" type="plural"/>
                    </SYNRESTRS>
                </NP>
                <VERB/>
                <ADV/>
                <LEX value="together"/>
            </SYNTAX>
            <SEMANTICS>
                <PRED value="property">
                    <ARGS>
                        <ARG type="ThemRole" value="Patient_i+Patient_j"/>
                        <ARG type="VerbSpecific" value="Prop"/>
                    </ARGS>
                </PRED>
                <PRED value="Adv">
                    <ARGS>
                        <ARG type="VerbSpecific" value="Prop"/>
                    </ARGS>
                </PRED>
            </SEMANTICS>
        </FRAME>
        <FRAME>
            <DESCRIPTION descriptionNumber="1.1.1" primary="NP V together ADV-Middle" secondary="Middle Construction" xtag=""/>
            <EXAMPLES>
                <EXAMPLE>Labels and covers tape together easily.</EXAMPLE>
            </EXAMPLES>
            <SYNTAX>
                <NP value="Patient">
                    <SYNRESTRS>
                        <SYNRESTR Value="+" type="plural"/>
                    </SYNRESTRS>
                </NP>
                <VERB/>
                <LEX value="together"/>
                <ADV/>
            </SYNTAX>
            <SEMANTICS>
                <PRED value="property">
                    <ARGS>
                        <ARG type="ThemRole" value="Patient_i+Patient_j"/>
                        <ARG type="VerbSpecific" value="Prop"/>
                    </ARGS>
                </PRED>
                <PRED value="Adv">
                    <ARGS>
                        <ARG type="VerbSpecific" value="Prop"/>
                    </ARGS>
                </PRED>
            </SEMANTICS>
        </FRAME>
        <FRAME>
            <DESCRIPTION descriptionNumber="0.4" primary="NP V NP ADJP" secondary="NP-ADJP; Resultative" xtag=""/>
            <EXAMPLES>
                <EXAMPLE>Linda taped the box shut.</EXAMPLE>
            </EXAMPLES>
            <SYNTAX>
                <NP value="Agent">
                    <SYNRESTRS/>
                </NP>
                <VERB/>
                <NP value="Patient">
                    <SYNRESTRS/>
                </NP>
                <NP value="Result">
                    <SYNRESTRS>
                        <SYNRESTR Value="+" type="adj"/>
                    </SYNRESTRS>
                </NP>
            </SYNTAX>
            <SEMANTICS>
                <PRED value="cause">
                    <ARGS>
                        <ARG type="ThemRole" value="Agent"/>
                        <ARG type="Event" value="E"/>
                    </ARGS>
                </PRED>
                <PRED value="attached">
                    <ARGS>
                        <ARG type="Event" value="end(E)"/>
                        <ARG type="ThemRole" value="Patient"/>
                        <ARG type="VerbSpecific" value="Instrument"/>
                    </ARGS>
                </PRED>
                <PRED value="Pred">
                    <ARGS>
                        <ARG type="Event" value="result(E)"/>
                        <ARG type="ThemRole" value="Patient"/>
                    </ARGS>
                </PRED>
            </SEMANTICS>
        </FRAME>
    </FRAMES>
    <SUBCLASSES>
        <VNSUBCLASS ID="tape-22.4-1">
            <MEMBERS>
                <MEMBER name="clamp" wn="clamp%2:35:00" grouping="clamp.01"/>
                <MEMBER name="clip" wn="clip%2:35:01" grouping="clip.03"/>
                <MEMBER name="clasp" wn="clasp%2:35:03 clasp%2:35:02" grouping="clasp.02"/>
                <MEMBER name="gum" wn="" grouping="gum.01"/>
                <MEMBER name="paste" wn="paste%2:35:01" grouping="paste.01"/>
                <MEMBER name="reeve" wn="reeve%2:38:01 reeve%2:38:00 reeve%2:35:00" grouping="reeve.01 reeve.02"/>
            </MEMBERS>
            <THEMROLES/>
            <FRAMES>
                <FRAME>
                    <DESCRIPTION descriptionNumber="" primary="NP V PP.co-patient" secondary="PP; locative-PP" xtag=""/>
                    <EXAMPLES>
                        <EXAMPLE>It clamped on his ankle.</EXAMPLE>
                    </EXAMPLES>
                    <SYNTAX>
                        <NP value="Patient">
                            <SYNRESTRS/>
                        </NP>
                        <VERB/>
                        <PREP value="to on onto">
                            <SELRESTRS/>
                        </PREP>
                        <NP value="Co-Patient">
                            <SYNRESTRS/>
                        </NP>
                    </SYNTAX>
                    <SEMANTICS>
                        <PRED value="together">
                            <ARGS>
                                <ARG type="Event" value="end(E)"/>
                                <ARG type="Constant" value="physical"/>
                                <ARG type="ThemRole" value="Patient"/>
                                <ARG type="ThemRole" value="Co-Patient"/>
                            </ARGS>
                        </PRED>
                        <PRED value="attached">
                            <ARGS>
                                <ARG type="Event" value="end(E)"/>
                                <ARG type="ThemRole" value="Patient"/>
                                <ARG type="VerbSpecific" value="Instrument"/>
                            </ARGS>
                        </PRED>
                    </SEMANTICS>
                </FRAME>
            </FRAMES>
            <SUBCLASSES/>
        </VNSUBCLASS>
    </SUBCLASSES>
</VNCLASS>
