<?xml version="1.0" encoding="UTF-8"?>
<!DOCTYPE VNCLASS SYSTEM "vn_class-3.dtd">
<VNCLASS ID="want-32.1" xmlns:xsi="http://www.w3.org/2001/XMLSchema-instance" xsi:noNamespaceSchemaLocation="vn_schema-3.xsd">
    <MEMBERS>
        <MEMBER name="covet" wn="covet%2:37:00" grouping=""/>
        <MEMBER name="crave" wn="crave%2:34:00" grouping="crave.01"/>
        <MEMBER name="desire" wn="" grouping="desire.01 desire.02"/>
        <MEMBER name="fancy" wn="fancy%2:37:00" grouping=""/>
    </MEMBERS>
    <THEMROLES>
        <THEMROLE type="Pivot">
            <SELRESTRS>
                <SELRESTR Value="+" type="animate"/>
            </SELRESTRS>
        </THEMROLE>
        <THEMROLE type="Theme">
            <SELRESTRS/>
        </THEMROLE>
    </THEMROLES>
    <FRAMES>
        <FRAME>
            <DESCRIPTION descriptionNumber="0.2" primary="NP V NP" secondary="Basic Transitive" xtag=""/>
            <EXAMPLES>
                <EXAMPLE>Dorothy needs new shoes.</EXAMPLE>
            </EXAMPLES>
            <SYNTAX>
                <NP value="Pivot">
                    <SYNRESTRS/>
                </NP>
                <VERB/>
                <NP value="Theme">
                    <SYNRESTRS/>
                </NP>
            </SYNTAX>
            <SEMANTICS>
                <PRED value="desire">
                    <ARGS>
                        <ARG type="Event" value="E"/>
                        <ARG type="ThemRole" value="Pivot"/>
                        <ARG type="ThemRole" value="Theme"/>
                    </ARGS>
                </PRED>
            </SEMANTICS>
        </FRAME>
    </FRAMES>
    <SUBCLASSES>
        <VNSUBCLASS ID="want-32.1-1">
            <MEMBERS>
                <MEMBER name="enjoy" wn="" grouping="enjoy.02"/>
            </MEMBERS>
            <THEMROLES/>
            <FRAMES>
                <FRAME>
                    <DESCRIPTION descriptionNumber="8.1" primary="NP V for NP S_INF" secondary="FOR-TO-INF" xtag="0.1"/>
                    <EXAMPLES>
                        <EXAMPLE>I need for her to be happy.</EXAMPLE>
                    </EXAMPLES>
                    <SYNTAX>
                        <NP value="Pivot">
                            <SYNRESTRS/>
                        </NP>
                        <VERB/>
                        <NP value="Theme">
                            <SYNRESTRS>
                                <SYNRESTR Value="+" type="for_comp"/>
                            </SYNRESTRS>
                        </NP>
                    </SYNTAX>
                    <SEMANTICS>
                        <PRED value="desire">
                            <ARGS>
                                <ARG type="Event" value="E"/>
                                <ARG type="ThemRole" value="Pivot"/>
                                <ARG type="ThemRole" value="Theme"/>
                            </ARGS>
                        </PRED>
                    </SEMANTICS>
                </FRAME>
                <FRAME>
                    <DESCRIPTION descriptionNumber="8.1" primary="NP V S_ING" secondary="ING-NP-OMIT" xtag="0.1"/>
                    <EXAMPLES>
                        <EXAMPLE>I need exercising.</EXAMPLE>
                    </EXAMPLES>
                    <SYNTAX>
                        <NP value="Pivot">
                            <SYNRESTRS/>
                        </NP>
                        <VERB/>
                        <NP value="Theme">
                            <SYNRESTRS>
                                <SYNRESTR Value="+" type="np_omit_ing"/>
                            </SYNRESTRS>
                        </NP>
                    </SYNTAX>
                    <SEMANTICS>
                        <PRED value="desire">
                            <ARGS>
                                <ARG type="Event" value="E"/>
                                <ARG type="ThemRole" value="Pivot"/>
                                <ARG type="ThemRole" value="Theme"/>
                            </ARGS>
                        </PRED>
                    </SEMANTICS>
                </FRAME>
                <FRAME>
                    <DESCRIPTION descriptionNumber="8.1" primary="NP V NP ADJ" secondary="NP-ADJP-PRED" xtag="0.1"/>
                    <EXAMPLES>
                        <EXAMPLE>She wanted the meat red.</EXAMPLE>
                    </EXAMPLES>
                    <SYNTAX>
                        <NP value="Pivot">
                            <SYNRESTRS/>
                        </NP>
                        <VERB/>
                        <NP value="Theme">
                            <SYNRESTRS/>
                        </NP>
                        <ADJ/>
                    </SYNTAX>
                    <SEMANTICS>
                        <PRED value="desire">
                            <ARGS>
                                <ARG type="Event" value="E"/>
                                <ARG type="ThemRole" value="Pivot"/>
                                <ARG type="ThemRole" value="Theme"/>
                            </ARGS>
                        </PRED>
                    </SEMANTICS>
                </FRAME>
                <FRAME>
                    <DESCRIPTION descriptionNumber="8.1" primary="NP V ADVP" secondary="NP-ADVP-PRED" xtag="0.1"/>
                    <EXAMPLES>
                        <EXAMPLE>I needed him here.</EXAMPLE>
                    </EXAMPLES>
                    <SYNTAX>
                        <NP value="Pivot">
                            <SYNRESTRS/>
                        </NP>
                        <VERB/>
                        <NP value="Theme">
                            <SYNRESTRS>
                                <SYNRESTR Value="+" type="adv_loc"/>
                            </SYNRESTRS>
                        </NP>
                    </SYNTAX>
                    <SEMANTICS>
                        <PRED value="desire">
                            <ARGS>
                                <ARG type="Event" value="E"/>
                                <ARG type="ThemRole" value="Pivot"/>
                                <ARG type="ThemRole" value="Theme"/>
                            </ARGS>
                        </PRED>
                    </SEMANTICS>
                </FRAME>
                <FRAME>
                    <DESCRIPTION descriptionNumber="8.1" primary="NP V S_ING" secondary="NP-ING" xtag="0.1"/>
                    <EXAMPLES>
                        <EXAMPLE>I need him cooking.</EXAMPLE>
                    </EXAMPLES>
                    <SYNTAX>
                        <NP value="Pivot">
                            <SYNRESTRS/>
                        </NP>
                        <VERB/>
                        <NP value="Theme">
                            <SYNRESTRS>
                                <SYNRESTR Value="+" type="ac_ing"/>
                            </SYNRESTRS>
                        </NP>
                    </SYNTAX>
                    <SEMANTICS>
                        <PRED value="desire">
                            <ARGS>
                                <ARG type="Event" value="E"/>
                                <ARG type="ThemRole" value="Pivot"/>
                                <ARG type="ThemRole" value="Theme"/>
                            </ARGS>
                        </PRED>
                    </SEMANTICS>
                </FRAME>
                <FRAME>
                    <DESCRIPTION descriptionNumber="8.1" primary="NP V NP ADJ" secondary="NP-VEN-NP-OMIT" xtag="0.1"/>
                    <EXAMPLES>
                        <EXAMPLE>I need the children found.</EXAMPLE>
                    </EXAMPLES>
                    <SYNTAX>
                        <NP value="Pivot">
                            <SYNRESTRS/>
                        </NP>
                        <VERB/>
                        <NP value="Theme">
                            <SYNRESTRS>
                                <SYNRESTR Value="+" type="np_ppart"/>
                            </SYNRESTRS>
                        </NP>
                    </SYNTAX>
                    <SEMANTICS>
                        <PRED value="desire">
                            <ARGS>
                                <ARG type="Event" value="E"/>
                                <ARG type="ThemRole" value="Pivot"/>
                                <ARG type="ThemRole" value="Theme"/>
                            </ARGS>
                        </PRED>
                    </SEMANTICS>
                </FRAME>
                <FRAME>
                    <DESCRIPTION descriptionNumber="8.1" primary="NP V NP S_ING" secondary="POSSING" xtag="0.1"/>
                    <EXAMPLES>
                        <EXAMPLE>I needed his cooking.</EXAMPLE>
                    </EXAMPLES>
                    <SYNTAX>
                        <NP value="Pivot">
                            <SYNRESTRS/>
                        </NP>
                        <VERB/>
                        <NP value="Theme">
                            <SYNRESTRS>
                                <SYNRESTR Value="+" type="poss_ing"/>
                            </SYNRESTRS>
                        </NP>
                    </SYNTAX>
                    <SEMANTICS>
                        <PRED value="desire">
                            <ARGS>
                                <ARG type="Event" value="E"/>
                                <ARG type="ThemRole" value="Pivot"/>
                                <ARG type="ThemRole" value="Theme"/>
                            </ARGS>
                        </PRED>
                    </SEMANTICS>
                </FRAME>
                <FRAME>
                    <DESCRIPTION descriptionNumber="8.1" primary="NP V S_INF" secondary="TO-INF-SC" xtag="0.1"/>
                    <EXAMPLES>
                        <EXAMPLE>I needed to come.</EXAMPLE>
                    </EXAMPLES>
                    <SYNTAX>
                        <NP value="Pivot">
                            <SYNRESTRS/>
                        </NP>
                        <VERB/>
                        <NP value="Theme">
                            <SYNRESTRS>
                                <SYNRESTR Value="+" type="sc_to_inf"/>
                            </SYNRESTRS>
                        </NP>
                    </SYNTAX>
                    <SEMANTICS>
                        <PRED value="desire">
                            <ARGS>
                                <ARG type="Event" value="E"/>
                                <ARG type="ThemRole" value="Pivot"/>
                                <ARG type="ThemRole" value="Theme"/>
                            </ARGS>
                        </PRED>
                    </SEMANTICS>
                </FRAME>
            </FRAMES>
            <SUBCLASSES>
                <VNSUBCLASS ID="want-32.1-1-1">
                    <MEMBERS>
                        <MEMBER name="want" wn="want%2:37:00 want%2:34:00 want%2:31:01 want%2:35:00 want%2:42:01" grouping="want.01 want.02"/>
                        <MEMBER name="need" wn="need%2:34:00 need%2:34:01" grouping="need.01"/>
                        <MEMBER name="like" wn="" grouping=""/>
                        <MEMBER name="prefer" wn="" grouping=""/>
                        <MEMBER name="desire" wn="desire%2:37:00 desire%2:37:01" grouping="desire.01 desire.02 desire.03"/>
                    </MEMBERS>
                    <THEMROLES/>
                    <FRAMES>
                        <FRAME>
                            <DESCRIPTION descriptionNumber="8.1" primary="NP V NP S_INF" secondary="NP-TO-INF" xtag="0.1"/>
                            <EXAMPLES>
                                <EXAMPLE>I needed him to go.</EXAMPLE>
                            </EXAMPLES>
                            <SYNTAX>
                                <NP value="Pivot">
                                    <SYNRESTRS/>
                                </NP>
                                <VERB/>
                                <NP value="Theme">
                                    <SYNRESTRS>
                                        <SYNRESTR Value="+" type="np_to_inf"/>
                                    </SYNRESTRS>
                                </NP>
                            </SYNTAX>
                            <SEMANTICS>
                                <PRED value="desire">
                                    <ARGS>
                                        <ARG type="Event" value="E"/>
                                        <ARG type="ThemRole" value="Pivot"/>
                                        <ARG type="ThemRole" value="Theme"/>
                                    </ARGS>
                                </PRED>
                            </SEMANTICS>
                        </FRAME>
                        <FRAME>
                            <DESCRIPTION descriptionNumber="8.1" primary="NP V NP to be ADJ" secondary="NP-TOBE" xtag="0.1"/>
                            <EXAMPLES>
                                <EXAMPLE>I need him to be nice.</EXAMPLE>
                            </EXAMPLES>
                            <SYNTAX>
                                <NP value="Pivot">
                                    <SYNRESTRS/>
                                </NP>
                                <VERB/>
                                <NP value="Theme">
                                    <SYNRESTRS>
                                        <SYNRESTR Value="+" type="to_be"/>
                                        <SYNRESTR Value="+" type="adj"/>
                                    </SYNRESTRS>
                                </NP>
                            </SYNTAX>
                            <SEMANTICS>
                                <PRED value="desire">
                                    <ARGS>
                                        <ARG type="Event" value="E"/>
                                        <ARG type="ThemRole" value="Pivot"/>
                                        <ARG type="ThemRole" value="Theme"/>
                                    </ARGS>
                                </PRED>
                            </SEMANTICS>
                        </FRAME>
                    </FRAMES>
                    <SUBCLASSES/>
                </VNSUBCLASS>
            </SUBCLASSES>
        </VNSUBCLASS>
    </SUBCLASSES>
</VNCLASS>





