<?xml version="1.0" encoding="UTF-8"?>
<VNCLASS ID="admit-65">
     <MEMBERS>
          <MEMBER name="accueillir"/>
          <MEMBER name="admettre"/>
          <MEMBER name="recevoir"/>
          <MEMBER name="recueillir"/>
          <MEMBER name="accepter"/>
          <MEMBER name="agréer"/>
          <MEMBER name="réceptionner"/>
     </MEMBERS>
     <THEMROLES>
          <THEMROLE type="Agent">
               <SELRESTRS logic="or">
                    <SELRESTR Value="+" type="organization"/>
                    <SELRESTR Value="+" type="animate"/>
               </SELRESTRS>
          </THEMROLE>
          <THEMROLE type="Theme">
               <SELRESTRS logic="or">
                    <SELRESTR Value="+" type="organization"/>
                    <SELRESTR Value="+" type="animate"/>
               </SELRESTRS>
          </THEMROLE>
          <THEMROLE type="Location"/>
     </THEMROLES>
     <FRAMES>
          <FRAME>
               <DESCRIPTION primary="NP V NP PP.location"/>
               <EXAMPLES>
                    <EXAMPLE>On admet les chiens dans la salle.</EXAMPLE>
               </EXAMPLES>
               <SYNTAX>
                    <NP value="Agent">
                         <SYNRESTRS/>
                    </NP>
                    <VERB/>
                    <NP value="Theme">
                         <SYNRESTRS/>
                    </NP>
                    <PREP>
                         <SELRESTRS>
                              <SELRESTR Value="+" type="loc"/>
                         </SELRESTRS>
                    </PREP>
                    <NP value="Location">
                         <SYNRESTRS/>
                    </NP>
               </SYNTAX>
               <SEMANTICS>admit(during(E), Agent, Theme, Location)</SEMANTICS>
          </FRAME>
     </FRAMES>
</VNCLASS>
