<?xml version="1.0" encoding="UTF-8"?>
<VNCLASS ID="admire-31.2">
     <MEMBERS>
          <MEMBER name="admirer"/>
          <MEMBER name="chérir"/>
          <MEMBER name="envier"/>
          <MEMBER name="estimer"/>
          <MEMBER name="idolâtrer"/>
          <MEMBER name="priser"/>
          <MEMBER name="respecter"/>
          <MEMBER name="révérer"/>
          <MEMBER name="vénérer"/>
          <MEMBER name="vomir"/>
     </MEMBERS>
     <THEMROLES>
          <THEMROLE type="Stimulus"/>
          <THEMROLE type="Experiencer">
               <SELRESTR Value="+" type="animate"/>
          </THEMROLE>
          <THEMROLE type="Attribute"/>
     </THEMROLES>
     <FRAMES>
          <FRAME>
               <DESCRIPTION primary="NP V NP"/>
               <EXAMPLES>
                    <EXAMPLE>Les touristes admiraient les tableaux</EXAMPLE>
               </EXAMPLES>
               <SYNTAX>
                    <NP value="Experiencer">
                         <SYNRESTRS/>
                    </NP>
                    <VERB/>
                    <NP value="Stimulus">
                         <SYNRESTRS/>
                    </NP>
               </SYNTAX>
               <SEMANTICS>emotional_state(E, Emotion, Experiencer) in_reaction_to(E, Stimulus)</SEMANTICS>
          </FRAME>
          <FRAME>
               <DESCRIPTION primary="NP V NP PP.attribute"/>
               <EXAMPLES>
                    <EXAMPLE>J'admire Luc pour son honnêteté</EXAMPLE>
               </EXAMPLES>
               <SYNTAX>
                    <NP value="Experiencer">
                         <SYNRESTRS/>
                    </NP>
                    <VERB/>
                    <NP value="Stimulus">
                         <SYNRESTRS/>
                    </NP>
                    <PREP>
                         <SELRESTRS>
                              <SELRESTR Value="pour"/>
                         </SELRESTRS>
                    </PREP>
                    <NP value="Attribute">
                         <SYNRESTRS/>
                    </NP>
               </SYNTAX>
               <SEMANTICS>emotional_state(E, Emotion, Experiencer) in_reaction_to(E, Stimulus, Attribute)</SEMANTICS>
          </FRAME>
          <FRAME>
               <DESCRIPTION primary="NP V NP.stimulus"/>
               <EXAMPLES>
                    <EXAMPLE>J'admire l'honnêteté de Luc</EXAMPLE>
               </EXAMPLES>
               <SYNTAX>
                    <NP value="Experiencer">
                         <SYNRESTRS/>
                    </NP>
                    <VERB/>
                    <NP value="Stimulus">
                         <SYNRESTRS/>
                    </NP>
               </SYNTAX>
               <SEMANTICS>emotional_state(E, Emotion, Experiencer) in_reaction_to(E, Stimulus)</SEMANTICS>
          </FRAME>
          <FRAME>
               <DESCRIPTION primary="NP V Que Psubj"/>
               <EXAMPLES>
                    <EXAMPLE>J'admire qu'on puisse travailler autant</EXAMPLE>
               </EXAMPLES>
               <SYNTAX>Experiencer V Stimulus &lt;+que_P&gt;</SYNTAX>
               <SEMANTICS>emotional_state(E, Emotion, Experiencer) in_reaction_to(E, Stimulus)</SEMANTICS>
          </FRAME>
          <FRAME>
               <DESCRIPTION primary="NP V NP P_INF"/>
               <EXAMPLES>
                    <EXAMPLE>J'admire Luc d'écrire des romans</EXAMPLE>
               </EXAMPLES>
               <SYNTAX>Experiencer V Stimulus &lt;+N1_de_inf&gt;</SYNTAX>
               <SEMANTICS>emotional_state(E, Emotion, Experiencer) in_reaction_to(E, Stimulus)</SEMANTICS>
          </FRAME>
     </FRAMES>
     <SUBCLASSES>
          <VNSUBCLASS ID="31.2-1">
               <MEMBERS>
                    <MEMBER name="adorer"/>
                    <MEMBER name="aimer"/>
                    <MEMBER name="détester"/>
                    <MEMBER name="haïr"/>
                    <MEMBER name="abhorrer"/>
                    <MEMBER name="abominer"/>
                    <MEMBER name="exécrer"/>
               </MEMBERS>
               <THEMROLES/>
               <FRAMES>
                    <FRAME>
                         <DESCRIPTION primary="NP V S_INF"/>
                         <EXAMPLES>
                              <EXAMPLE>J'aime écrire.</EXAMPLE>
                         </EXAMPLES>
                         <SYNTAX>Experiencer V Stimulus &lt;+V0-inf&gt;</SYNTAX>
                         <SEMANTICS>emotional_state(E, Emotion, Experiencer) in_reaction_to(E, Stimulus)</SEMANTICS>
                    </FRAME>
               </FRAMES>
          </VNSUBCLASS>
     </SUBCLASSES>
</VNCLASS>
