<?xml version="1.0" encoding="UTF-8"?>
<VNCLASS ID="amuse-31.1">
     <MEMBERS>
          <MEMBER name="abasourdir"/>
          <MEMBER name="abattre"/>
          <MEMBER name="abuser"/>
          <MEMBER name="affoler"/>
          <MEMBER name="affriander"/>
          <MEMBER name="affrioler"/>
          <MEMBER name="agacer"/>
          <MEMBER name="agiter"/>
          <MEMBER name="aguicher"/>
          <MEMBER name="ahurir"/>
          <MEMBER name="allécher"/>
          <MEMBER name="allumer"/>
          <MEMBER name="amadouer"/>
          <MEMBER name="amuser"/>
          <MEMBER name="anéantir"/>
          <MEMBER name="animer"/>
          <MEMBER name="apaiser"/>
          <MEMBER name="appâter"/>
          <MEMBER name="asseoir"/>
          <MEMBER name="assommer"/>
          <MEMBER name="assouvir"/>
          <MEMBER name="atteindre"/>
          <MEMBER name="atterrer"/>
          <MEMBER name="attirer"/>
          <MEMBER name="attraper"/>
          <MEMBER name="bassiner"/>
          <MEMBER name="berner"/>
          <MEMBER name="bluffer"/>
          <MEMBER name="bouleverser"/>
          <MEMBER name="brimer"/>
          <MEMBER name="briser"/>
          <MEMBER name="calmer"/>
          <MEMBER name="captiver"/>
          <MEMBER name="chambouler"/>
          <MEMBER name="charmer"/>
          <MEMBER name="chatouiller"/>
          <MEMBER name="choquer"/>
          <MEMBER name="cisailler"/>
          <MEMBER name="combler"/>
          <MEMBER name="commotionner"/>
          <MEMBER name="confondre"/>
          <MEMBER name="consterner"/>
          <MEMBER name="contenter"/>
          <MEMBER name="contrarier"/>
          <MEMBER name="débecter"/>
          <MEMBER name="décevoir"/>
          <MEMBER name="déchaîner"/>
          <MEMBER name="déchirer"/>
          <MEMBER name="décourager"/>
          <MEMBER name="défriser"/>
          <MEMBER name="dégoûter"/>
          <MEMBER name="déphaser"/>
          <MEMBER name="déranger"/>
          <MEMBER name="dérouter"/>
          <MEMBER name="désappointer"/>
          <MEMBER name="désarçonner"/>
          <MEMBER name="désarmer"/>
          <MEMBER name="désenchanter"/>
          <MEMBER name="désobliger"/>
          <MEMBER name="désorienter"/>
          <MEMBER name="diminuer"/>
          <MEMBER name="duper"/>
          <MEMBER name="éberluer"/>
          <MEMBER name="éblouir"/>
          <MEMBER name="ébouriffer"/>
          <MEMBER name="ébranler"/>
          <MEMBER name="échauffer"/>
          <MEMBER name="écorcher"/>
          <MEMBER name="effrayer"/>
          <MEMBER name="emballer"/>
          <MEMBER name="embarrasser"/>
          <MEMBER name="embêter"/>
          <MEMBER name="embrouiller"/>
          <MEMBER name="émoustiller"/>
          <MEMBER name="enchanter"/>
          <MEMBER name="endormir"/>
          <MEMBER name="enflammer"/>
          <MEMBER name="enjôler"/>
          <MEMBER name="enlever"/>
          <MEMBER name="ennuyer"/>
          <MEMBER name="enquiquiner"/>
          <MEMBER name="ensorceler"/>
          <MEMBER name="enthousiasmer"/>
          <MEMBER name="envoûter"/>
          <MEMBER name="épouvanter"/>
          <MEMBER name="éprouver"/>
          <MEMBER name="escagasser"/>
          <MEMBER name="estomaquer"/>
          <MEMBER name="estourbir"/>
          <MEMBER name="éteindre"/>
          <MEMBER name="étonner"/>
          <MEMBER name="étouffer"/>
          <MEMBER name="étourdir"/>
          <MEMBER name="exacerber"/>
          <MEMBER name="exalter"/>
          <MEMBER name="exaspérer"/>
          <MEMBER name="excéder"/>
          <MEMBER name="exciter"/>
          <MEMBER name="fasciner"/>
          <MEMBER name="fatiguer"/>
          <MEMBER name="flatter"/>
          <MEMBER name="fléchir"/>
          <MEMBER name="foudroyer"/>
          <MEMBER name="fouetter"/>
          <MEMBER name="frapper"/>
          <MEMBER name="galvaniser"/>
          <MEMBER name="geler"/>
          <MEMBER name="gêner"/>
          <MEMBER name="glacer"/>
          <MEMBER name="griser"/>
          <MEMBER name="hébéter"/>
          <MEMBER name="heurter"/>
          <MEMBER name="horrifier"/>
          <MEMBER name="illuminer"/>
          <MEMBER name="importuner"/>
          <MEMBER name="impressionner"/>
          <MEMBER name="indisposer"/>
          <MEMBER name="inquiéter"/>
          <MEMBER name="inspirer"/>
          <MEMBER name="intéresser"/>
          <MEMBER name="intimider"/>
          <MEMBER name="intriguer"/>
          <MEMBER name="lanciner"/>
          <MEMBER name="lasser"/>
          <MEMBER name="lénifier"/>
          <MEMBER name="lessiver"/>
          <MEMBER name="leurrer"/>
          <MEMBER name="magnétiser"/>
          <MEMBER name="marquer"/>
          <MEMBER name="mécontenter"/>
          <MEMBER name="méduser"/>
          <MEMBER name="meurtrir"/>
          <MEMBER name="modérer"/>
          <MEMBER name="mortifier"/>
          <MEMBER name="mystifier"/>
          <MEMBER name="navrer"/>
          <MEMBER name="nourrir"/>
          <MEMBER name="obnubiler"/>
          <MEMBER name="outrer"/>
          <MEMBER name="paralyser"/>
          <MEMBER name="passionner"/>
          <MEMBER name="peiner"/>
          <MEMBER name="perturber"/>
          <MEMBER name="pétrifier"/>
          <MEMBER name="prendre"/>
          <MEMBER name="provoquer"/>
          <MEMBER name="rafraîchir"/>
          <MEMBER name="ravir"/>
          <MEMBER name="réfrigérer"/>
          <MEMBER name="refroidir"/>
          <MEMBER name="remuer"/>
          <MEMBER name="renverser"/>
          <MEMBER name="retourner"/>
          <MEMBER name="réveiller"/>
          <MEMBER name="revigorer"/>
          <MEMBER name="revivifier"/>
          <MEMBER name="révolter"/>
          <MEMBER name="saisir"/>
          <MEMBER name="satisfaire"/>
          <MEMBER name="secouer"/>
          <MEMBER name="séduire"/>
          <MEMBER name="sidérer"/>
          <MEMBER name="sonner"/>
          <MEMBER name="souffler"/>
          <MEMBER name="stupéfaire"/>
          <MEMBER name="stupéfier"/>
          <MEMBER name="subjuguer"/>
          <MEMBER name="suffoquer"/>
          <MEMBER name="supplicier"/>
          <MEMBER name="surprendre"/>
          <MEMBER name="tarabuster"/>
          <MEMBER name="tempérer"/>
          <MEMBER name="tenailler"/>
          <MEMBER name="tenter"/>
          <MEMBER name="terrasser"/>
          <MEMBER name="terrifier"/>
          <MEMBER name="terroriser"/>
          <MEMBER name="titiller"/>
          <MEMBER name="torturer"/>
          <MEMBER name="toucher"/>
          <MEMBER name="tracasser"/>
          <MEMBER name="transporter"/>
          <MEMBER name="travailler"/>
          <MEMBER name="tremper"/>
          <MEMBER name="troubler"/>
          <MEMBER name="turlupiner"/>
          <MEMBER name="ulcérer"/>
     </MEMBERS>
     <THEMROLES>
          <THEMROLE type="Experiencer">
               <SELRESTR Value="+" type="animate"/>
          </THEMROLE>
          <THEMROLE type="Stimulus"/>
          <THEMROLE type="Attribute"/>
     </THEMROLES>
     <FRAMES>
          <FRAME>
               <DESCRIPTION primary="NP V NP"/>
               <EXAMPLES>
                    <EXAMPLE>Le clown amusait les enfants</EXAMPLE>
               </EXAMPLES>
               <SYNTAX>
                    <NP value="Stimulus">
                         <SYNRESTRS/>
                    </NP>
                    <VERB/>
                    <NP value="Experiencer">
                         <SYNRESTRS/>
                    </NP>
               </SYNTAX>
               <SEMANTICS>cause(Stimulus, E) emotional_state(result(E), Emotion, Experiencer)</SEMANTICS>
          </FRAME>
          <FRAME>
               <DESCRIPTION primary="NP V NP PP.attribute"/>
               <EXAMPLES>
                    <EXAMPLE>Le clown amuse les enfants par sa grimace.</EXAMPLE>
               </EXAMPLES>
               <SYNTAX>
                    <NP value="Stimulus">
                         <SYNRESTRS/>
                    </NP>
                    <VERB/>
                    <NP value="Experiencer">
                         <SYNRESTRS/>
                    </NP>
                    <PREP>
                         <SELRESTRS>
                              <SELRESTR Value="par"/>
                         </SELRESTRS>
                    </PREP>
                    <NP value="Attribute">
                         <SYNRESTRS/>
                    </NP>
               </SYNTAX>
               <SEMANTICS/>
          </FRAME>
          <FRAME>
               <DESCRIPTION primary="Que P V NP"/>
               <EXAMPLES>
                    <EXAMPLE>Que le clown fasse des grimaces amuse les enfants.</EXAMPLE>
               </EXAMPLES>
               <SYNTAX>Stimulus V Experiencer</SYNTAX>
               <SEMANTICS/>
          </FRAME>
     </FRAMES>
     <SUBCLASSES>
          <VNSUBCLASS ID="31.1-1">
               <MEMBERS/>
               <THEMROLES/>
               <FRAMES>
                    <FRAME>
                         <DESCRIPTION primary="NP se V neutre de ce Qu P"/>
                         <EXAMPLES>
                              <EXAMPLE>Les enfants s'amusent (de ce) que les clowns fassent des grimaces.</EXAMPLE>
                         </EXAMPLES>
                         <SYNTAX>Experiencer se V {de} Stimulus</SYNTAX>
                         <SEMANTICS/>
                    </FRAME>
               </FRAMES>
          </VNSUBCLASS>
     </SUBCLASSES>
</VNCLASS>
