<?xml version="1.0" encoding="UTF-8"?>
<VNCLASS ID="appear-48.1.1">
     <MEMBERS>
          <MEMBER name="apparaître"/>
          <MEMBER name="couler"/>
          <MEMBER name="dégouliner"/>
          <MEMBER name="dériver"/>
          <MEMBER name="échapper s'"/>
          <MEMBER name="émaner"/>
          <MEMBER name="étaler s'"/>
          <MEMBER name="exsuder"/>
          <MEMBER name="fluer"/>
          <MEMBER name="fuser"/>
          <MEMBER name="installer s'"/>
          <MEMBER name="jaillir"/>
          <MEMBER name="monter"/>
          <MEMBER name="partir"/>
          <MEMBER name="provenir"/>
          <MEMBER name="revenir"/>
          <MEMBER name="ruisseler"/>
          <MEMBER name="sortir"/>
          <MEMBER name="sourdre"/>
          <MEMBER name="surgir"/>
          <MEMBER name="venir"/>
          <MEMBER name="voler"/>
     </MEMBERS>
     <THEMROLES>
          <THEMROLE type="Theme"/>
          <THEMROLE type="Location"/>
     </THEMROLES>
     <FRAMES>
          <FRAME>
               <DESCRIPTION primary="NP V PP.location"/>
               <EXAMPLES>
                    <EXAMPLE>Un bateau est apparu à l'horizon</EXAMPLE>
               </EXAMPLES>
               <SYNTAX>
                    <NP value="Theme">
                         <SYNRESTRS/>
                    </NP>
                    <VERB/>
                    <PREP>
                         <SELRESTRS>
                              <SELRESTR Value="+" type="loc"/>
                         </SELRESTRS>
                    </PREP>
                    <NP value="Location">
                         <SYNRESTRS/>
                    </NP>
               </SYNTAX>
               <SEMANTICS>appear(during(E), Theme) not(Prep(start(E), Theme, Location)) Prep(end(E), Theme, Location)</SEMANTICS>
          </FRAME>
          <FRAME>
               <DESCRIPTION primary="Il V NP.theme PP.location"/>
               <EXAMPLES>
                    <EXAMPLE>Il est apparu un bateau à l'horizon</EXAMPLE>
               </EXAMPLES>
               <SYNTAX>Il V Theme {{+loc}} Location</SYNTAX>
               <SEMANTICS>appear(during(E), Theme) not(Prep(start(E), Theme, Location)) Prep(end(E), Theme, Location)</SEMANTICS>
          </FRAME>
     </FRAMES>
</VNCLASS>
