<?xml version="1.0" encoding="UTF-8"?>
<VNCLASS ID="assuming_position-50">
     <MEMBERS/>
     <THEMROLES>
          <THEMROLE type="Agent">
               <SELRESTR Value="+" type="animate"/>
          </THEMROLE>
          <THEMROLE type="Location">
               <SELRESTRS logic="and">
                    <SELRESTR Value="-" type="region"/>
                    <SELRESTR Value="+" type="location"/>
               </SELRESTRS>
          </THEMROLE>
     </THEMROLES>
     <FRAMES>
          <FRAME>
               <DESCRIPTION primary="NP V PP.location"/>
               <EXAMPLES>
                    <EXAMPLE>Luc s'est affalé sur le fauteuil</EXAMPLE>
               </EXAMPLES>
               <SYNTAX>
                    <NP value="Agent">
                         <SYNRESTRS/>
                    </NP>
                    <VERB/>
                    <PREP>
                         <SELRESTRS>
                              <SELRESTR Value="+" type="loc"/>
                         </SELRESTRS>
                    </PREP>
                    <NP value="Location">
                         <SYNRESTRS/>
                    </NP>
               </SYNTAX>
               <SEMANTICS>not(position(start(E), Agent, Pos)) motion(during(E), Agent) position(end(E), Agent, Pos) Prep(E, Agent, Location)</SEMANTICS>
          </FRAME>
     </FRAMES>
</VNCLASS>
