<?xml version="1.0" encoding="UTF-8"?>
<VNCLASS ID="avoid-52">
     <MEMBERS>
          <MEMBER name="escamoter"/>
          <MEMBER name="esquiver"/>
          <MEMBER name="éviter"/>
          <MEMBER name="refuser"/>
     </MEMBERS>
     <THEMROLES>
          <THEMROLE type="Agent">
               <SELRESTR Value="+" type="animate"/>
          </THEMROLE>
          <THEMROLE type="Location"/>
          <THEMROLE type="Theme"/>
     </THEMROLES>
     <FRAMES>
          <FRAME>
               <DESCRIPTION primary="NP V NP.location"/>
               <EXAMPLES>
                    <EXAMPLE>Nous avons évité cette zone</EXAMPLE>
               </EXAMPLES>
               <SYNTAX>
                    <NP value="Agent">
                         <SYNRESTRS/>
                    </NP>
                    <VERB/>
                    <NP value="Location">
                         <SYNRESTRS/>
                    </NP>
               </SYNTAX>
               <SEMANTICS>avoid(during(E), Agent, Location)</SEMANTICS>
          </FRAME>
          <FRAME>
               <DESCRIPTION primary="NP V NP.theme"/>
               <EXAMPLES>
                    <EXAMPLE>Nous avons évité la balle</EXAMPLE>
               </EXAMPLES>
               <SYNTAX>
                    <NP value="Agent">
                         <SYNRESTRS/>
                    </NP>
                    <VERB/>
                    <NP value="Theme">
                         <SYNRESTRS/>
                    </NP>
               </SYNTAX>
               <SEMANTICS>avoid(during(E), Agent, Theme)</SEMANTICS>
          </FRAME>
          <FRAME>
               <DESCRIPTION primary="NP V de V-inf"/>
               <EXAMPLES>
                    <EXAMPLE>Il a évité d'aller dans cette zone</EXAMPLE>
               </EXAMPLES>
               <SYNTAX>Agent V Theme&lt;+de_Vinf&gt;</SYNTAX>
               <SEMANTICS>avoid(during(E), Agent, Theme)</SEMANTICS>
          </FRAME>
     </FRAMES>
</VNCLASS>
