<?xml version="1.0" encoding="UTF-8"?>
<VNCLASS ID="body_internal_motion-49">
     <MEMBERS>
          <MEMBER name="battre"/>
          <MEMBER name="bouger"/>
          <MEMBER name="dodeliner"/>
          <MEMBER name="remuer"/>
          <MEMBER name="rouler"/>
          <MEMBER name="sauter"/>
          <MEMBER name="tortiller"/>
     </MEMBERS>
     <THEMROLES>
          <THEMROLE type="Agent">
               <SELRESTR Value="+" type="animate"/>
          </THEMROLE>
          <THEMROLE type="Patient">
               <SELRESTR Value="+" type="refl"/>
          </THEMROLE>
     </THEMROLES>
     <FRAMES>
          <FRAME>
               <DESCRIPTION primary="NP V"/>
               <EXAMPLES>
                    <EXAMPLE>Sylvia se tortillait.</EXAMPLE>
               </EXAMPLES>
               <SYNTAX>
                    <NP value="Agent">
                         <SYNRESTRS/>
                    </NP>
                    <VERB/>
               </SYNTAX>
               <SEMANTICS>body_motion(during(E), Agent)</SEMANTICS>
          </FRAME>
     </FRAMES>
     <SUBCLASSES>
          <VNSUBCLASS ID="49-1">
               <MEMBERS/>
               <THEMROLES/>
               <FRAMES>
                    <FRAME>
                         <DESCRIPTION primary="NP V NP PP.destination"/>
                         <EXAMPLES>
                              <EXAMPLE>Sylvia s'est tortillée jusqu'au bar</EXAMPLE>
                         </EXAMPLES>
                         <SYNTAX>Agent V {{Loc-Dest-vers}} Location</SYNTAX>
                         <SEMANTICS>body_motion(during(E), Agent)  location(end(E), Agent, Destination)</SEMANTICS>
                    </FRAME>
               </FRAMES>
          </VNSUBCLASS>
     </SUBCLASSES>
</VNCLASS>
