<?xml version="1.0" encoding="UTF-8"?>
<VNCLASS ID="break-45.1">
     <MEMBERS/>
     <THEMROLES>
          <THEMROLE type="Agent">
               <SELRESTR Value="+" type="int_control"/>
          </THEMROLE>
          <THEMROLE type="Patient">
               <SELRESTR Value="+" type="solid"/>
          </THEMROLE>
          <THEMROLE type="Instrument">
               <SELRESTR Value="+" type="solid"/>
          </THEMROLE>
     </THEMROLES>
     <FRAMES>
          <FRAME>
               <DESCRIPTION primary="NP se  V ADV-Middle"/>
               <EXAMPLES>
                    <EXAMPLE>Les vases en cristal se cassent facilement</EXAMPLE>
               </EXAMPLES>
               <SYNTAX>
                    <NP value="Patient">
                         <SYNRESTRS/>
                    </NP>
                    <SE/>
                    <VERB/>
                    <ADV/>
               </SYNTAX>
               <SEMANTICS>property(Patient, Prop) Adv(Prop)</SEMANTICS>
          </FRAME>
          <FRAME>
               <DESCRIPTION primary="NP.instrument V NP PP.Result"/>
               <EXAMPLES>
                    <EXAMPLE>Le marteau a cassé la fenêtre en mille morceaux</EXAMPLE>
               </EXAMPLES>
               <SYNTAX>
                    <NP value="Instrument">
                         <SYNRESTRS/>
                    </NP>
                    <VERB/>
                    <NP value="Patient">
                         <SYNRESTRS/>
                    </NP>
                    <PREP>
                         <SELRESTRS>
                              <SELRESTR Value="en"/>
                         </SELRESTRS>
                    </PREP>
                    <NP value="Result">
                         <SYNRESTRS/>
                    </NP>
               </SYNTAX>
               <SEMANTICS>contact(during(E), Instrument, Patient) degradation_material_integrity(result(E), Patient) physical_form(result(E), Form, Patient)</SEMANTICS>
          </FRAME>
          <FRAME>
               <DESCRIPTION primary="NP V NP  PP.Result PP.instrument"/>
               <EXAMPLES>
                    <EXAMPLE>Tony a casé la carafe  en mille morceaux avec un marteau</EXAMPLE>
               </EXAMPLES>
               <SYNTAX>
                    <NP value="Agent">
                         <SYNRESTRS/>
                    </NP>
                    <VERB/>
                    <NP value="Patient">
                         <SYNRESTRS/>
                    </NP>
                    <PREP>
                         <SELRESTRS>
                              <SELRESTR Value="en"/>
                         </SELRESTRS>
                    </PREP>
                    <NP value="Result">
                         <SYNRESTRS/>
                    </NP>
                    <PREP>
                         <SELRESTRS>
                              <SELRESTR Value="avec"/>
                         </SELRESTRS>
                    </PREP>
                    <NP value="Instrument">
                         <SYNRESTRS/>
                    </NP>
               </SYNTAX>
               <SEMANTICS>cause(Agent, E) contact(during(E), Instrument, Patient) degradation_material_integrity(result(E), Patient) physical_form(result(E), Form, Patient) Pred(result(E), Patient) use(during(E), Agent, Instrument)</SEMANTICS>
          </FRAME>
          <FRAME>
               <DESCRIPTION primary="NP.Patient se  V neutre PP.Result"/>
               <EXAMPLES>
                    <EXAMPLE>Le vase s'est cassé en mille morceaux</EXAMPLE>
               </EXAMPLES>
               <SYNTAX>Patient se V  {en} Result</SYNTAX>
               <SEMANTICS>degradation_material_integrity(result(E), Patient) Pred(result(E), Patient)</SEMANTICS>
          </FRAME>
     </FRAMES>
     <SUBCLASSES>
          <VNSUBCLASS ID="45.1-1">
               <MEMBERS/>
               <THEMROLES/>
               <FRAMES>
                    <FRAME>
                         <DESCRIPTION primary="NP.patient V PP.Result"/>
                         <EXAMPLES>
                              <EXAMPLE>La carafe a cassé en mille morceux</EXAMPLE>
                         </EXAMPLES>
                         <SYNTAX>Patient V PP.Result</SYNTAX>
                         <SEMANTICS>degradation_material_integrity(result(E), Patient) physical_form(result(E), Form, Patient)</SEMANTICS>
                    </FRAME>
               </FRAMES>
          </VNSUBCLASS>
     </SUBCLASSES>
</VNCLASS>
