<?xml version="1.0" encoding="UTF-8"?>
<VNCLASS ID="convert-26.6.2">
     <MEMBERS>
          <MEMBER name="affecter"/>
          <MEMBER name="ramener"/>
          <MEMBER name="rappeler"/>
          <MEMBER name="rendre"/>
     </MEMBERS>
     <THEMROLES>
          <THEMROLE type="Agent">
               <SELRESTR Value="+" type="animate"/>
          </THEMROLE>
          <THEMROLE type="Patient">
               <SELRESTR Value="+" type="animate"/>
          </THEMROLE>
          <THEMROLE type="Goal"/>
     </THEMROLES>
     <FRAMES>
          <FRAME>
               <DESCRIPTION primary="NP se V PP.goal"/>
               <EXAMPLES>
                    <EXAMPLE>Il s'est converti au boudhisme</EXAMPLE>
               </EXAMPLES>
               <SYNTAX>
                    <NP value="Patient">
                         <SYNRESTRS/>
                    </NP>
                    <SE/>
                    <VERB/>
                    <PREP>
                         <SELRESTRS>
                              <SELRESTR Value="à"/>
                         </SELRESTRS>
                    </PREP>
                    <NP value="Goal">
                         <SYNRESTRS/>
                    </NP>
               </SYNTAX>
               <SEMANTICS>convert(during(E), Patient, Goal)</SEMANTICS>
          </FRAME>
     </FRAMES>
     <SUBCLASSES>
          <VNSUBCLASS ID="26.6.2-1">
               <MEMBERS>
                    <MEMBER name="convertir"/>
               </MEMBERS>
               <THEMROLES/>
               <FRAMES>
                    <FRAME>
                         <DESCRIPTION primary="NP V NP PP.goal"/>
                         <EXAMPLES>
                              <EXAMPLE>Max a converti Luc au boudhisme</EXAMPLE>
                         </EXAMPLES>
                         <SYNTAX>
                              <NP value="Agent">
                                   <SYNRESTRS/>
                              </NP>
                              <VERB/>
                              <NP value="Patient">
                                   <SYNRESTRS/>
                              </NP>
                              <PREP>
                                   <SELRESTRS>
                                        <SELRESTR Value="à"/>
                                   </SELRESTRS>
                              </PREP>
                              <NP value="Goal">
                                   <SYNRESTRS/>
                              </NP>
                         </SYNTAX>
                         <SEMANTICS>convert(during(E), Patient, ?Source, Goal) cause(E, Agent)</SEMANTICS>
                    </FRAME>
               </FRAMES>
          </VNSUBCLASS>
     </SUBCLASSES>
</VNCLASS>
