<?xml version="1.0" encoding="UTF-8"?>
<VNCLASS ID="cut-21.1">
     <MEMBERS/>
     <THEMROLES>
          <THEMROLE type="Agent">
               <SELRESTR Value="+" type="int_control"/>
          </THEMROLE>
          <THEMROLE type="Patient">
               <SELRESTR Value="+" type="concrete"/>
          </THEMROLE>
          <THEMROLE type="Instrument">
               <SELRESTR Value="+" type="concrete"/>
          </THEMROLE>
          <THEMROLE type="Source"/>
          <THEMROLE type="Result"/>
     </THEMROLES>
     <FRAMES>
          <FRAME>
               <DESCRIPTION primary="NP se V ADV-Middle"/>
               <EXAMPLES>
                    <EXAMPLE>Le pain se coupe facilement</EXAMPLE>
               </EXAMPLES>
               <SYNTAX>
                    <NP value="Patient">
                         <SYNRESTRS/>
                    </NP>
                    <SE/>
                    <VERB/>
                    <ADV/>
               </SYNTAX>
               <SEMANTICS>property(Patient, Prop) Adv(Prop)</SEMANTICS>
          </FRAME>
          <FRAME>
               <DESCRIPTION primary="NP.instrument V ADV"/>
               <EXAMPLES>
                    <EXAMPLE>Le couteau coupe bien</EXAMPLE>
               </EXAMPLES>
               <SYNTAX>
                    <NP value="Instrument">
                         <SYNRESTRS/>
                    </NP>
                    <VERB/>
                    <ADV/>
               </SYNTAX>
               <SEMANTICS>property(Instrument, Prop) Adv(Prop)</SEMANTICS>
          </FRAME>
          <FRAME>
               <DESCRIPTION primary="NP V NP PP.result PP.instrument"/>
               <EXAMPLES>
                    <EXAMPLE>Luc a coupé le pain en deux morceaux avec un couteau</EXAMPLE>
               </EXAMPLES>
               <SYNTAX>
                    <NP value="Agent">
                         <SYNRESTRS/>
                    </NP>
                    <VERB/>
                    <NP value="Patient">
                         <SYNRESTRS/>
                    </NP>
                    <PREP>
                         <SELRESTRS>
                              <SELRESTR Value="en"/>
                         </SELRESTRS>
                    </PREP>
                    <NP value="Result">
                         <SYNRESTRS/>
                    </NP>
                    <PREP>
                         <SELRESTRS>
                              <SELRESTR Value="avec"/>
                         </SELRESTRS>
                    </PREP>
                    <NP value="Instrument">
                         <SYNRESTRS/>
                    </NP>
               </SYNTAX>
               <SEMANTICS>cause(Agent, E) manner(during(E), Motion, Agent) contact(during(E), Instrument, Patient) degradation_material_integrity(result(E), Patient) Pred(result(E), Patient) use(during(E), Agent, Instrument)</SEMANTICS>
          </FRAME>
          <FRAME>
               <DESCRIPTION primary="NP.instrument V NP PP.result"/>
               <EXAMPLES>
                    <EXAMPLE>Le couteau a coupé le pain en deux morceaux</EXAMPLE>
               </EXAMPLES>
               <SYNTAX>
                    <NP value="Instrument">
                         <SYNRESTRS/>
                    </NP>
                    <VERB/>
                    <NP value="Patient">
                         <SYNRESTRS/>
                    </NP>
                    <PREP>
                         <SELRESTRS>
                              <SELRESTR Value="en"/>
                         </SELRESTRS>
                    </PREP>
                    <NP value="Result">
                         <SYNRESTRS/>
                    </NP>
               </SYNTAX>
               <SEMANTICS>manner(during(E), Motion, ?Agent) contact(during(E), Instrument, Patient) degradation_material_integrity(result(E), Patient) Pred(result(E), Patient)</SEMANTICS>
          </FRAME>
          <FRAME>
               <DESCRIPTION primary="NP V NP PP.source PP.instrument"/>
               <EXAMPLES>
                    <EXAMPLE>Luc a découpé la photo dans le journal avec des ciseaux</EXAMPLE>
               </EXAMPLES>
               <SYNTAX>
                    <NP value="Agent">
                         <SYNRESTRS/>
                    </NP>
                    <VERB/>
                    <NP value="Patient">
                         <SYNRESTRS/>
                    </NP>
                    <PREP>
                         <SELRESTRS>
                              <SELRESTR Value="Loc"/>
                         </SELRESTRS>
                    </PREP>
                    <NP value="Source">
                         <SYNRESTRS/>
                    </NP>
                    <PREP>
                         <SELRESTRS>
                              <SELRESTR Value="avec"/>
                         </SELRESTRS>
                    </PREP>
                    <NP value="Instrument">
                         <SYNRESTRS/>
                    </NP>
               </SYNTAX>
               <SEMANTICS>manner(during(E), Motion, Agent) contact(during(E), Instrument, Patient) use(during(E), Agent, Instrument) degradation_material_integrity(result(E), Patient) cause(E, Agent) Prep(E, Patient, Source)</SEMANTICS>
          </FRAME>
     </FRAMES>
     <SUBCLASSES>
          <VNSUBCLASS ID="21.1-1">
               <MEMBERS>
                    <MEMBER name="casser"/>
                    <MEMBER name="cisailler"/>
                    <MEMBER name="couper"/>
                    <MEMBER name="déchirer"/>
                    <MEMBER name="découper"/>
                    <MEMBER name="hacher"/>
                    <MEMBER name="réduire"/>
                    <MEMBER name="scier"/>
                    <MEMBER name="sectionner"/>
                    <MEMBER name="trancher"/>
                    <MEMBER name="tronçonner"/>
               </MEMBERS>
               <THEMROLES>
                    <THEMROLE type="Patient">
                         <SELRESTRS logic="or">
                              <SELRESTR Value="+" type="refl"/>
                              <SELRESTR Value="+" type="body_part"/>
                         </SELRESTRS>
                    </THEMROLE>
               </THEMROLES>
               <FRAMES>
                    <FRAME>
                         <DESCRIPTION primary="NP V NP PP"/>
                         <EXAMPLES>
                              <EXAMPLE>Luc lui a coupé le doigt</EXAMPLE>
                         </EXAMPLES>
                         <SYNTAX>Agent V Patient&lt;+body_part&gt;  {à ?de} Genitive</SYNTAX>
                         <SEMANTICS>manner(during(E), Motion, Agent) contact(during(E), ?Instrument, Patient) degradation_material_integrity(result(E), Patient)</SEMANTICS>
                    </FRAME>
                    <FRAME>
                         <DESCRIPTION primary="NP se V"/>
                         <EXAMPLES>
                              <EXAMPLE>Luc s'est coupé</EXAMPLE>
                         </EXAMPLES>
                         <SYNTAX>
                              <NP value="Agent">
                                   <SYNRESTRS/>
                              </NP>
                              <SE/>
                              <VERB/>
                         </SYNTAX>
                         <SEMANTICS>manner(during(E), Motion, Agent) contact(during(E), ?Instrument, Patient) degradation_material_integrity(result(E), Patient)</SEMANTICS>
                    </FRAME>
               </FRAMES>
          </VNSUBCLASS>
     </SUBCLASSES>
</VNCLASS>
