<?xml version="1.0" encoding="UTF-8"?>
<VNCLASS ID="exist-47.1">
     <MEMBERS/>
     <THEMROLES>
          <THEMROLE type="Theme"/>
          <THEMROLE type="Location">
               <SELRESTRS logic="and">
                    <SELRESTR Value="-" type="region"/>
                    <SELRESTR Value="+" type="location"/>
               </SELRESTRS>
          </THEMROLE>
     </THEMROLES>
     <FRAMES>
          <FRAME>
               <DESCRIPTION primary="NP V PP.location"/>
               <EXAMPLES>
                    <EXAMPLE>Les unicornes n'existent pas sur la terre</EXAMPLE>
               </EXAMPLES>
               <SYNTAX>
                    <NP value="Theme">
                         <SYNRESTRS/>
                    </NP>
                    <VERB/>
                    <PREP>
                         <SELRESTRS>
                              <SELRESTR Value="+" type="loc"/>
                         </SELRESTRS>
                    </PREP>
                    <NP value="Location">
                         <SYNRESTRS/>
                    </NP>
               </SYNTAX>
               <SEMANTICS>exist(during(E), Theme) Prep(E, Theme, Location)</SEMANTICS>
          </FRAME>
     </FRAMES>
     <SUBCLASSES>
          <VNSUBCLASS ID="47.1-1">
               <MEMBERS>
                    <MEMBER name="dresser se"/>
                    <MEMBER name="étendre s'"/>
                    <MEMBER name="rester"/>
                    <MEMBER name="stationner"/>
               </MEMBERS>
               <THEMROLES/>
               <FRAMES>
                    <FRAME>
                         <DESCRIPTION primary="NP V"/>
                         <EXAMPLES>
                              <EXAMPLE>Les unicornes n'existent pas</EXAMPLE>
                         </EXAMPLES>
                         <SYNTAX>
                              <NP value="Theme">
                                   <SYNRESTRS/>
                              </NP>
                              <VERB/>
                         </SYNTAX>
                         <SEMANTICS>exist(during(E), Theme)</SEMANTICS>
                    </FRAME>
               </FRAMES>
          </VNSUBCLASS>
     </SUBCLASSES>
</VNCLASS>
