<?xml version="1.0" encoding="UTF-8"?>
<VNCLASS ID="fill-9.8">
     <MEMBERS>
          <MEMBER name="arroser"/>
          <MEMBER name="baigner"/>
          <MEMBER name="barbouiller"/>
          <MEMBER name="barrer"/>
          <MEMBER name="bassiner"/>
          <MEMBER name="combler"/>
          <MEMBER name="couvrir"/>
          <MEMBER name="cribler"/>
          <MEMBER name="embouteiller"/>
          <MEMBER name="empester"/>
          <MEMBER name="étoiler"/>
          <MEMBER name="fourrer"/>
          <MEMBER name="gonfler"/>
          <MEMBER name="inonder"/>
          <MEMBER name="jalonner"/>
          <MEMBER name="joncher"/>
          <MEMBER name="mâchurer"/>
          <MEMBER name="marquer"/>
          <MEMBER name="moucheter"/>
          <MEMBER name="mouiller"/>
          <MEMBER name="noyer"/>
          <MEMBER name="parsemer"/>
          <MEMBER name="piqueter"/>
          <MEMBER name="rayer"/>
          <MEMBER name="recouvrir"/>
          <MEMBER name="remplir"/>
          <MEMBER name="revêtir"/>
          <MEMBER name="saturer"/>
          <MEMBER name="semer"/>
          <MEMBER name="tremper"/>
          <MEMBER name="trouer"/>
          <MEMBER name="engorger"/>
          <MEMBER name="polluer"/>
          <MEMBER name="doter"/>
          <MEMBER name="pourvoir"/>
     </MEMBERS>
     <THEMROLES>
          <THEMROLE type="Agent">
               <SELRESTR Value="+" type="animate"/>
          </THEMROLE>
          <THEMROLE type="Theme">
               <SELRESTR Value="+" type="concrete"/>
          </THEMROLE>
          <THEMROLE type="Destination">
               <SELRESTRS logic="and">
                    <SELRESTR Value="-" type="region"/>
                    <SELRESTR Value="+" type="location"/>
               </SELRESTRS>
          </THEMROLE>
     </THEMROLES>
     <FRAMES>
          <FRAME>
               <DESCRIPTION primary="NP V NP PP.theme"/>
               <EXAMPLES>
                    <EXAMPLE>Leslie a équipé le magasin avec les gardes de sécurité.</EXAMPLE>
               </EXAMPLES>
               <SYNTAX>
                    <NP value="Agent">
                         <SYNRESTRS/>
                    </NP>
                    <VERB/>
                    <NP value="Destination">
                         <SYNRESTRS/>
                    </NP>
                    <PREP>
                         <SELRESTRS>
                              <SELRESTR Value=", avec d e"/>
                         </SELRESTRS>
                    </PREP>
                    <NP value="Theme">
                         <SYNRESTRS/>
                    </NP>
               </SYNTAX>
               <SEMANTICS>motion(during(E), Theme) not(location(start(E), Theme, Destination)) location(end(E), Theme, Destination) cause(Agent, E)</SEMANTICS>
          </FRAME>
          <FRAME>
               <DESCRIPTION primary="NP V NP PP.theme"/>
               <EXAMPLES>
                    <EXAMPLE>Leslie a équipé le magasin en systèmes de protection.</EXAMPLE>
               </EXAMPLES>
               <SYNTAX>
                    <NP value="Agent">
                         <SYNRESTRS/>
                    </NP>
                    <VERB/>
                    <NP value="Destination">
                         <SYNRESTRS/>
                    </NP>
                    <PREP>
                         <SELRESTRS>
                              <SELRESTR Value="en"/>
                         </SELRESTRS>
                    </PREP>
                    <NP value="Theme">
                         <SYNRESTRS/>
                    </NP>
               </SYNTAX>
               <SEMANTICS>motion(during(E), Theme) not(location(start(E), Theme, Destination)) location(end(E), Theme, Destination) cause(Agent, E)</SEMANTICS>
          </FRAME>
          <FRAME>
               <DESCRIPTION primary="NP V NP"/>
               <EXAMPLES>
                    <EXAMPLE>Le nouveau système de protection équipe le magasin.</EXAMPLE>
               </EXAMPLES>
               <SYNTAX>
                    <NP value="Theme">
                         <SYNRESTRS/>
                    </NP>
                    <VERB/>
                    <NP value="Destination">
                         <SYNRESTRS/>
                    </NP>
               </SYNTAX>
               <SEMANTICS>location(E, Theme, Destination)</SEMANTICS>
          </FRAME>
     </FRAMES>
</VNCLASS>
