<?xml version="1.0" encoding="UTF-8"?>
<VNCLASS ID="fire-10.10">
     <MEMBERS>
          <MEMBER name="balancer"/>
          <MEMBER name="chasser"/>
          <MEMBER name="congédier"/>
          <MEMBER name="débarquer"/>
          <MEMBER name="détrôner"/>
          <MEMBER name="écarter"/>
          <MEMBER name="éconduire"/>
          <MEMBER name="éjecter"/>
          <MEMBER name="évincer"/>
          <MEMBER name="exclure"/>
          <MEMBER name="licencier"/>
          <MEMBER name="relaxer"/>
          <MEMBER name="renvoyer"/>
          <MEMBER name="sacquer"/>
          <MEMBER name="vider"/>
          <MEMBER name="virer"/>
          <MEMBER name="déboulonner"/>
          <MEMBER name="dégommer"/>
          <MEMBER name="limoger"/>
          <MEMBER name="révoquer"/>
          <MEMBER name="suspendre"/>
          <MEMBER name="éliminer"/>
          <MEMBER name="éloigner"/>
          <MEMBER name="expulser"/>
     </MEMBERS>
     <THEMROLES>
          <THEMROLE type="Agent">
               <SELRESTRS logic="or">
                    <SELRESTR Value="+" type="organization"/>
                    <SELRESTR Value="+" type="animate"/>
               </SELRESTRS>
          </THEMROLE>
          <THEMROLE type="Theme">
               <SELRESTRS logic="or">
                    <SELRESTR Value="+" type="organization"/>
                    <SELRESTR Value="+" type="animate"/>
               </SELRESTRS>
          </THEMROLE>
          <THEMROLE type="Source">
               <SELRESTR Value="+" type="organization"/>
          </THEMROLE>
          <THEMROLE type="Attribute"/>
     </THEMROLES>
     <FRAMES>
          <FRAME>
               <DESCRIPTION primary="NP V NP PP.source"/>
               <EXAMPLES>
                    <EXAMPLE>Luc a viré Max de sa compagnie</EXAMPLE>
               </EXAMPLES>
               <SYNTAX>
                    <NP value="Agent">
                         <SYNRESTRS/>
                    </NP>
                    <VERB/>
                    <NP value="Theme">
                         <SYNRESTRS/>
                    </NP>
                    <PREP>
                         <SELRESTRS>
                              <SELRESTR Value="de"/>
                         </SELRESTRS>
                    </PREP>
                    <NP value="Source">
                         <SYNRESTRS/>
                    </NP>
               </SYNTAX>
               <SEMANTICS>cause(Agent, E) location(start(E), Theme, Source) not(location(end(E), Theme, Source))</SEMANTICS>
          </FRAME>
     </FRAMES>
</VNCLASS>
