<?xml version="1.0" encoding="UTF-8"?>
<VNCLASS ID="force-59">
     <MEMBERS>
          <MEMBER name="amener"/>
          <MEMBER name="astreindre"/>
          <MEMBER name="conduire"/>
          <MEMBER name="contraindre"/>
          <MEMBER name="décider"/>
          <MEMBER name="déterminer"/>
          <MEMBER name="disposer"/>
          <MEMBER name="entraîner"/>
          <MEMBER name="éveiller"/>
          <MEMBER name="exciter"/>
          <MEMBER name="forcer"/>
          <MEMBER name="inciter"/>
          <MEMBER name="induire"/>
          <MEMBER name="motiver"/>
          <MEMBER name="obliger"/>
          <MEMBER name="porter"/>
          <MEMBER name="pousser"/>
          <MEMBER name="provoquer"/>
          <MEMBER name="réduire"/>
          <MEMBER name="aiguillonner"/>
     </MEMBERS>
     <THEMROLES>
          <THEMROLE type="Agent">
               <SELRESTRS logic="or">
                    <SELRESTR Value="+" type="organization"/>
                    <SELRESTR Value="+" type="animate"/>
               </SELRESTRS>
          </THEMROLE>
          <THEMROLE type="Patient">
               <SELRESTRS logic="or">
                    <SELRESTR Value="+" type="organization"/>
                    <SELRESTR Value="+" type="animate"/>
               </SELRESTRS>
          </THEMROLE>
          <THEMROLE type="Result"/>
     </THEMROLES>
     <FRAMES>
          <FRAME>
               <DESCRIPTION primary="NP V NP à S_INF"/>
               <EXAMPLES>
                    <EXAMPLE>J'ai forcé Luc à manger</EXAMPLE>
               </EXAMPLES>
               <SYNTAX>Agent V Patient Result &lt;à_V1inf&gt;</SYNTAX>
               <SEMANTICS>force(during(E), Agent, Patient, Result)</SEMANTICS>
          </FRAME>
     </FRAMES>
</VNCLASS>
