<?xml version="1.0" encoding="UTF-8"?>
<VNCLASS ID="illustrate-25.3">
     <MEMBERS>
          <MEMBER name="adorner"/>
          <MEMBER name="agrémenter"/>
          <MEMBER name="baliser"/>
          <MEMBER name="broder"/>
          <MEMBER name="décorer"/>
          <MEMBER name="enluminer"/>
          <MEMBER name="étiqueter"/>
          <MEMBER name="ferrer"/>
          <MEMBER name="garnir"/>
          <MEMBER name="illustrer"/>
          <MEMBER name="marquer"/>
          <MEMBER name="ornementer"/>
          <MEMBER name="orner"/>
          <MEMBER name="parapher"/>
          <MEMBER name="parer"/>
          <MEMBER name="peindre"/>
          <MEMBER name="rehausser"/>
          <MEMBER name="relever"/>
          <MEMBER name="signer"/>
          <MEMBER name="viser"/>
     </MEMBERS>
     <THEMROLES>
          <THEMROLE type="Agent">
               <SELRESTRS logic="or">
                    <SELRESTR Value="+" type="machine"/>
                    <SELRESTR Value="+" type="animate"/>
               </SELRESTRS>
          </THEMROLE>
          <THEMROLE type="Theme"/>
          <THEMROLE type="Destination">
               <SELRESTR Value="+" type="concrete"/>
          </THEMROLE>
     </THEMROLES>
     <FRAMES>
          <FRAME>
               <DESCRIPTION primary="NP V NP PP.theme"/>
               <EXAMPLES>
                    <EXAMPLE>Luc décorait la bague de son nom.</EXAMPLE>
               </EXAMPLES>
               <SYNTAX>
                    <NP value="Agent">
                         <SYNRESTRS/>
                    </NP>
                    <VERB/>
                    <NP value="Destination">
                         <SYNRESTRS/>
                    </NP>
                    <PREP>
                         <SELRESTRS>
                              <SELRESTR Value="avec d e"/>
                         </SELRESTRS>
                    </PREP>
                    <NP value="Theme">
                         <SYNRESTRS/>
                    </NP>
               </SYNTAX>
               <SEMANTICS>created_image(result(E), Theme) location(end(E), Theme, Destination) cause(Agent, E)</SEMANTICS>
          </FRAME>
     </FRAMES>
</VNCLASS>
