<?xml version="1.0" encoding="UTF-8"?>
<VNCLASS ID="judgment-33">
     <MEMBERS>
          <MEMBER name="blâmer"/>
     </MEMBERS>
     <THEMROLES>
          <THEMROLE type="Agent">
               <SELRESTR Value="+" type="human"/>
          </THEMROLE>
          <THEMROLE type="Theme"/>
          <THEMROLE type="Attribute"/>
          <THEMROLE type="Cause"/>
     </THEMROLES>
     <FRAMES>
          <FRAME>
               <DESCRIPTION primary="NP V NP"/>
               <EXAMPLES>
                    <EXAMPLE>Ils ont loué les volontaires.</EXAMPLE>
               </EXAMPLES>
               <SYNTAX>
                    <NP value="Agent">
                         <SYNRESTRS/>
                    </NP>
                    <VERB/>
                    <NP value="Theme">
                         <SYNRESTRS/>
                    </NP>
               </SYNTAX>
               <SEMANTICS>declare(during(E), Agent, Theme, ?Attribute)</SEMANTICS>
          </FRAME>
          <FRAME>
               <DESCRIPTION primary="NP V NP PP.attribute"/>
               <EXAMPLES>
                    <EXAMPLE>Ils ont loué les volontaires pour leur courage.</EXAMPLE>
               </EXAMPLES>
               <SYNTAX>
                    <NP value="Agent">
                         <SYNRESTRS/>
                    </NP>
                    <VERB/>
                    <NP value="Theme">
                         <SYNRESTRS/>
                    </NP>
                    <PREP>
                         <SELRESTRS>
                              <SELRESTR Value="pour"/>
                         </SELRESTRS>
                    </PREP>
                    <NP value="Attribute">
                         <SYNRESTRS/>
                    </NP>
               </SYNTAX>
               <SEMANTICS>declare(during(E), Agent, Theme, Attribute)</SEMANTICS>
          </FRAME>
          <FRAME>
               <DESCRIPTION primary="NP V NP.theme de V1inf"/>
               <EXAMPLES>
                    <EXAMPLE>Ils ont loué les volontaires d'avoir secouru les naufragés.</EXAMPLE>
               </EXAMPLES>
               <SYNTAX>Agent V Theme {de/pour} Cause&lt;+de V1-inf&gt;</SYNTAX>
               <SEMANTICS/>
          </FRAME>
     </FRAMES>
     <SUBCLASSES>
          <VNSUBCLASS ID="33-1">
               <MEMBERS>
                    <MEMBER name="accabler"/>
                    <MEMBER name="accuser"/>
                    <MEMBER name="glorifier"/>
                    <MEMBER name="incriminer"/>
                    <MEMBER name="louer"/>
               </MEMBERS>
               <THEMROLES/>
               <FRAMES>
                    <FRAME>
                         <DESCRIPTION primary="NP V NP.attribute de NP.theme"/>
                         <EXAMPLES>
                              <EXAMPLE>Paul a loué le courage des volontaires.</EXAMPLE>
                         </EXAMPLES>
                         <SYNTAX>Agent V Theme &lt;+genitive&gt;</SYNTAX>
                         <SEMANTICS>declare(during(E), Agent, Theme, Attribute)</SEMANTICS>
                    </FRAME>
               </FRAMES>
          </VNSUBCLASS>
          <VNSUBCLASS ID="33-2">
               <MEMBERS/>
               <THEMROLES/>
               <FRAMES>
                    <FRAME>
                         <DESCRIPTION primary="NP V NP.theme de NP.cause"/>
                         <EXAMPLES>
                              <EXAMPLE>Ils ont félicité Marie de son mariage.</EXAMPLE>
                         </EXAMPLES>
                         <SYNTAX>Agent V Theme {de} Cause</SYNTAX>
                         <SEMANTICS>declare(during(E), Agent, Theme, Attribute)</SEMANTICS>
                    </FRAME>
               </FRAMES>
          </VNSUBCLASS>
     </SUBCLASSES>
</VNCLASS>
