<?xml version="1.0" encoding="UTF-8"?>
<VNCLASS ID="learn-14">
     <MEMBERS/>
     <THEMROLES>
          <THEMROLE type="Agent">
               <SELRESTR Value="+" type="animate"/>
          </THEMROLE>
          <THEMROLE type="Topic"/>
          <THEMROLE type="Source"/>
     </THEMROLES>
     <FRAMES>
          <FRAME>
               <DESCRIPTION primary="NP V NP PP.source"/>
               <EXAMPLES>
                    <EXAMPLE>Rhoda a appris cela (par/de) Luc.</EXAMPLE>
               </EXAMPLES>
               <SYNTAX>
                    <NP value="Agent">
                         <SYNRESTRS/>
                    </NP>
                    <VERB/>
                    <NP value="Topic">
                         <SYNRESTRS/>
                    </NP>
                    <PREP>
                         <SELRESTRS>
                              <SELRESTR Value="par/de"/>
                         </SELRESTRS>
                    </PREP>
                    <NP value="Source">
                         <SYNRESTRS/>
                    </NP>
               </SYNTAX>
               <SEMANTICS>transfer_info(during(E), Source, Agent, Topic) cause(Agent, E)</SEMANTICS>
          </FRAME>
     </FRAMES>
     <SUBCLASSES>
          <VNSUBCLASS ID="14-2">
               <MEMBERS/>
               <THEMROLES/>
               <FRAMES>
                    <FRAME>
                         <DESCRIPTION primary="NP V that S"/>
                         <EXAMPLES>
                              <EXAMPLE>Max a appris que Léa est partie.</EXAMPLE>
                         </EXAMPLES>
                         <SYNTAX>Agent V Topic &lt;+that_comp&gt;</SYNTAX>
                         <SEMANTICS>transfer_info(during(E), ?Source, Agent, Topic)</SEMANTICS>
                    </FRAME>
               </FRAMES>
               <SUBCLASSES>
                    <VNSUBCLASS ID="14-2-1">
                         <MEMBERS>
                              <MEMBER name="apprendre"/>
                              <MEMBER name="comprendre"/>
                              <MEMBER name="lire"/>
                              <MEMBER name="voir"/>
                         </MEMBERS>
                         <THEMROLES/>
                         <FRAMES>
                              <FRAME>
                                   <DESCRIPTION primary="NP V PP.topic"/>
                                   <EXAMPLES>
                                        <EXAMPLE>Luc a appris de son décès.</EXAMPLE>
                                   </EXAMPLES>
                                   <SYNTAX>
                                        <NP value="Agent">
                                             <SYNRESTRS/>
                                        </NP>
                                        <VERB/>
                                        <PREP>
                                             <SELRESTRS>
                                                  <SELRESTR Value="de"/>
                                             </SELRESTRS>
                                        </PREP>
                                        <NP value="Topic">
                                             <SYNRESTRS/>
                                        </NP>
                                   </SYNTAX>
                                   <SEMANTICS>transfer_info(during(E), ?Source, Agent, Topic)</SEMANTICS>
                              </FRAME>
                         </FRAMES>
                    </VNSUBCLASS>
               </SUBCLASSES>
          </VNSUBCLASS>
     </SUBCLASSES>
</VNCLASS>
