<?xml version="1.0" encoding="UTF-8"?>
<VNCLASS ID="long-32.2">
     <MEMBERS/>
     <THEMROLES>
          <THEMROLE type="Experiencer"/>
          <THEMROLE type="Theme"/>
     </THEMROLES>
     <FRAMES>
          <FRAME>
               <DESCRIPTION primary="NP V S_INF"/>
               <EXAMPLES>
                    <EXAMPLE>Jean aspire à devenir président</EXAMPLE>
               </EXAMPLES>
               <SYNTAX>
                    <NP value="Experiencer">
                         <SYNRESTRS/>
                    </NP>
                    <VERB/>
                    <PREP>
                         <SELRESTRS>
                              <SELRESTR Value="à"/>
                         </SELRESTRS>
                    </PREP>
                    <S_INF value="Theme"/>
               </SYNTAX>
               <SEMANTICS>desire(E, Experiencer, Theme)</SEMANTICS>
          </FRAME>
          <FRAME>
               <DESCRIPTION primary="NP V S_qu P"/>
               <EXAMPLES>
                    <EXAMPLE>Jean aspire à ce que son fils devienne président</EXAMPLE>
               </EXAMPLES>
               <SYNTAX>Experiencer V {à} Theme &lt;ce que Psubj&gt;</SYNTAX>
               <SEMANTICS>desire(E, Experiencer, Theme)</SEMANTICS>
          </FRAME>
     </FRAMES>
     <SUBCLASSES>
          <VNSUBCLASS ID="32.2-1">
               <MEMBERS>
                    <MEMBER name="aspirer"/>
                    <MEMBER name=""/>
               </MEMBERS>
               <THEMROLES/>
               <FRAMES>
                    <FRAME>
                         <DESCRIPTION primary="NP V PP.theme"/>
                         <EXAMPLES>
                              <EXAMPLE>Jean aspire à ce poste</EXAMPLE>
                         </EXAMPLES>
                         <SYNTAX>
                              <NP value="Experiencer">
                                   <SYNRESTRS/>
                              </NP>
                              <VERB/>
                              <PREP>
                                   <SELRESTRS>
                                        <SELRESTR Value="à"/>
                                   </SELRESTRS>
                              </PREP>
                              <NP value="Theme">
                                   <SYNRESTRS/>
                              </NP>
                         </SYNTAX>
                         <SEMANTICS>desire(E, Experiencer, Theme)</SEMANTICS>
                    </FRAME>
               </FRAMES>
          </VNSUBCLASS>
     </SUBCLASSES>
</VNCLASS>
