<?xml version="1.0" encoding="UTF-8"?>
<VNCLASS ID="marvel-31.3">
     <MEMBERS>
          <MEMBER name="baver"/>
          <MEMBER name="bouillonner"/>
          <MEMBER name="délirer"/>
          <MEMBER name="extasier s'"/>
          <MEMBER name="inquiéter s'"/>
          <MEMBER name="morfondre se"/>
          <MEMBER name="pâtir"/>
          <MEMBER name="préoccuper se"/>
          <MEMBER name="rêver"/>
          <MEMBER name="souffrir"/>
     </MEMBERS>
     <THEMROLES>
          <THEMROLE type="Experiencer">
               <SELRESTR Value="+" type="animate"/>
          </THEMROLE>
          <THEMROLE type="Stimulus"/>
     </THEMROLES>
     <FRAMES>
          <FRAME>
               <DESCRIPTION primary="NP V de ce Qu P"/>
               <EXAMPLES>
                    <EXAMPLE>Luc enrage de ce que Max parte</EXAMPLE>
               </EXAMPLES>
               <SYNTAX>Experiencer V {de} Stimulus &lt;+ce que P&gt;</SYNTAX>
               <SEMANTICS>emotional_state(result(E), Emotion, Experiencer) in_reaction_to(E, Stimulus)</SEMANTICS>
          </FRAME>
     </FRAMES>
     <SUBCLASSES>
          <VNSUBCLASS ID="31.3-1">
               <MEMBERS>
                    <MEMBER name="bondir"/>
                    <MEMBER name="exulter"/>
                    <MEMBER name="fumer"/>
                    <MEMBER name="jubiler"/>
                    <MEMBER name="pâmer se"/>
                    <MEMBER name="pavoiser"/>
                    <MEMBER name="rager"/>
                    <MEMBER name="triompher"/>
               </MEMBERS>
               <THEMROLES/>
               <FRAMES>
                    <FRAME>
                         <DESCRIPTION primary="NP V PP.stimulus"/>
                         <EXAMPLES>
                              <EXAMPLE>Megan exulte devant ce tableau.</EXAMPLE>
                         </EXAMPLES>
                         <SYNTAX>
                              <NP value="Experiencer">
                                   <SYNRESTRS/>
                              </NP>
                              <VERB/>
                              <PREP>
                                   <SELRESTRS>
                                        <SELRESTR Value="devant"/>
                                   </SELRESTRS>
                              </PREP>
                              <NP value="Stimulus">
                                   <SYNRESTRS/>
                              </NP>
                         </SYNTAX>
                         <SEMANTICS>emotional_state(result(E), Emotion, Experiencer) in_reaction_to(E, Stimulus)</SEMANTICS>
                    </FRAME>
               </FRAMES>
          </VNSUBCLASS>
     </SUBCLASSES>
</VNCLASS>
