<?xml version="1.0" encoding="UTF-8"?>
<VNCLASS ID="mine-10.9">
     <MEMBERS>
          <MEMBER name="extraire"/>
          <MEMBER name="déterrer"/>
     </MEMBERS>
     <THEMROLES>
          <THEMROLE type="Agent">
               <SELRESTRS logic="or">
                    <SELRESTR Value="+" type="organization"/>
                    <SELRESTR Value="+" type="animate"/>
               </SELRESTRS>
          </THEMROLE>
          <THEMROLE type="Theme">
               <SELRESTR Value="+" type="concrete"/>
          </THEMROLE>
          <THEMROLE type="Initial_Location">
               <SELRESTR Value="+" type="location"/>
          </THEMROLE>
     </THEMROLES>
     <FRAMES>
          <FRAME>
               <DESCRIPTION primary="NP V NP PP.initial_location"/>
               <EXAMPLES>
                    <EXAMPLE>Les hommes ont déterré le corps de la terre.</EXAMPLE>
               </EXAMPLES>
               <SYNTAX>
                    <NP value="Agent">
                         <SYNRESTRS/>
                    </NP>
                    <VERB/>
                    <NP value="Theme">
                         <SYNRESTRS/>
                    </NP>
                    <PREP>
                         <SELRESTRS>
                              <SELRESTR Value="+" type="src"/>
                         </SELRESTRS>
                    </PREP>
                    <NP value="Initial_Location">
                         <SYNRESTRS/>
                    </NP>
               </SYNTAX>
               <SEMANTICS>cause(Agent, E) location(start(E), Theme, Initial_Location) not(location(end(E), Theme, Initial_Location))</SEMANTICS>
          </FRAME>
     </FRAMES>
</VNCLASS>
