<?xml version="1.0" encoding="UTF-8"?>
<VNCLASS ID="murder-42.1">
     <MEMBERS>
          <MEMBER name="buter"/>
          <MEMBER name="égorger"/>
          <MEMBER name="enlever"/>
          <MEMBER name="exécuter"/>
          <MEMBER name="exterminer"/>
          <MEMBER name="lyncher"/>
          <MEMBER name="occire"/>
          <MEMBER name="liquider"/>
          <MEMBER name="abattre"/>
          <MEMBER name="assassiner"/>
          <MEMBER name="euthanasier"/>
          <MEMBER name="supprimer"/>
     </MEMBERS>
     <THEMROLES>
          <THEMROLE type="Agent">
               <SELRESTR Value="+" type="animate"/>
          </THEMROLE>
          <THEMROLE type="Patient">
               <SELRESTR Value="+" type="animate"/>
          </THEMROLE>
          <THEMROLE type="Instrument"/>
     </THEMROLES>
     <FRAMES>
          <FRAME>
               <DESCRIPTION primary="NP V NP PP.instrument"/>
               <EXAMPLES>
                    <EXAMPLE>Brutus a assasiné Julius César avec un couteau</EXAMPLE>
               </EXAMPLES>
               <SYNTAX>
                    <NP value="Agent">
                         <SYNRESTRS/>
                    </NP>
                    <VERB/>
                    <NP value="Patient">
                         <SYNRESTRS/>
                    </NP>
                    <PREP>
                         <SELRESTRS>
                              <SELRESTR Value="avec"/>
                         </SELRESTRS>
                    </PREP>
                    <NP value="Instrument">
                         <SYNRESTRS/>
                    </NP>
               </SYNTAX>
               <SEMANTICS>cause(Agent, E) alive(start(E), Patient) not(alive(result(E), Patient)) use(during(E), Agent, Instrument)</SEMANTICS>
          </FRAME>
     </FRAMES>
     <SUBCLASSES>
          <VNSUBCLASS ID="42.1-1">
               <MEMBERS>
                    <MEMBER name="crever"/>
                    <MEMBER name="tuer"/>
               </MEMBERS>
               <THEMROLES>
                    <THEMROLE type="Instrument">
                         <SELRESTR Value="+" type="concrete"/>
                    </THEMROLE>
               </THEMROLES>
               <FRAMES>
                    <FRAME>
                         <DESCRIPTION primary="NP.instrument V NP"/>
                         <EXAMPLES>
                              <EXAMPLE>Les gaz ont tué le bébé</EXAMPLE>
                         </EXAMPLES>
                         <SYNTAX>
                              <NP value="Instrument">
                                   <SYNRESTRS/>
                              </NP>
                              <VERB/>
                              <NP value="Patient">
                                   <SYNRESTRS/>
                              </NP>
                         </SYNTAX>
                         <SEMANTICS>alive(start(E), Patient) not(alive(result(E), Patient)) cause(?Agent, E) use(during(E), ?Agent, Instrument)</SEMANTICS>
                    </FRAME>
               </FRAMES>
          </VNSUBCLASS>
     </SUBCLASSES>
</VNCLASS>
