<?xml version="1.0" encoding="UTF-8"?>
<VNCLASS ID="peer-30.3">
     <MEMBERS>
          <MEMBER name="bigler"/>
          <MEMBER name="lorgner"/>
          <MEMBER name="loucher"/>
     </MEMBERS>
     <THEMROLES>
          <THEMROLE type="Experiencer">
               <SELRESTR Value="+" type="animate"/>
          </THEMROLE>
          <THEMROLE type="Stimulus"/>
     </THEMROLES>
     <FRAMES>
          <FRAME>
               <DESCRIPTION primary="NP V PP.stimulus"/>
               <EXAMPLES>
                    <EXAMPLE>Luc louchait sur le gâteau</EXAMPLE>
               </EXAMPLES>
               <SYNTAX>
                    <NP value="Experiencer">
                         <SYNRESTRS/>
                    </NP>
                    <VERB/>
                    <PREP>
                         <SELRESTRS>
                              <SELRESTR Value="sur"/>
                         </SELRESTRS>
                    </PREP>
                    <NP value="Stimulus">
                         <SYNRESTRS/>
                    </NP>
               </SYNTAX>
               <SEMANTICS>perceive(during(E), Experiencer, Stimulus) in_reaction_to(E, Stimulus)</SEMANTICS>
          </FRAME>
     </FRAMES>
</VNCLASS>
