<?xml version="1.0" encoding="UTF-8"?>
<VNCLASS ID="performance-26.7">
     <MEMBERS/>
     <THEMROLES>
          <THEMROLE type="Agent">
               <SELRESTR Value="+" type="animate"/>
          </THEMROLE>
          <THEMROLE type="Theme"/>
          <THEMROLE type="Beneficiary">
               <SELRESTR Value="+" type="animate"/>
          </THEMROLE>
     </THEMROLES>
     <FRAMES/>
     <SUBCLASSES>
          <VNSUBCLASS ID="26.7-1">
               <MEMBERS>
                    <MEMBER name="entonner"/>
                    <MEMBER name="réaliser"/>
                    <MEMBER name="vocaliser"/>
               </MEMBERS>
               <THEMROLES/>
               <FRAMES>
                    <FRAME>
                         <DESCRIPTION primary="NP V NP"/>
                         <EXAMPLES>
                              <EXAMPLE>Max chante une chanson</EXAMPLE>
                         </EXAMPLES>
                         <SYNTAX>
                              <NP value="Agent">
                                   <SYNRESTRS/>
                              </NP>
                              <VERB/>
                              <NP value="Theme">
                                   <SYNRESTRS/>
                              </NP>
                         </SYNTAX>
                         <SEMANTICS>perform(during(E), Agent, Theme)</SEMANTICS>
                    </FRAME>
                    <FRAME>
                         <DESCRIPTION primary="NP V NP PP.beneficiary"/>
                         <EXAMPLES>
                              <EXAMPLE>Max chante une chanson pour moi</EXAMPLE>
                         </EXAMPLES>
                         <SYNTAX>
                              <NP value="Agent">
                                   <SYNRESTRS/>
                              </NP>
                              <VERB/>
                              <NP value="Theme">
                                   <SYNRESTRS/>
                              </NP>
                              <PREP>
                                   <SELRESTRS>
                                        <SELRESTR Value="pour"/>
                                   </SELRESTRS>
                              </PREP>
                              <NP value="Beneficiary">
                                   <SYNRESTRS/>
                              </NP>
                         </SYNTAX>
                         <SEMANTICS>perform(during(E), Agent, Theme) benefit(E, Beneficiary)</SEMANTICS>
                    </FRAME>
               </FRAMES>
               <SUBCLASSES>
                    <VNSUBCLASS ID="26.7-1-1">
                         <MEMBERS>
                              <MEMBER name="chanter"/>
                              <MEMBER name="chantonner"/>
                              <MEMBER name="exécuter"/>
                              <MEMBER name="faire"/>
                              <MEMBER name="interpréter"/>
                              <MEMBER name="jouer"/>
                              <MEMBER name="monter"/>
                              <MEMBER name="passer"/>
                              <MEMBER name="pratiquer"/>
                              <MEMBER name="siffler"/>
                         </MEMBERS>
                         <THEMROLES/>
                         <FRAMES/>
                    </VNSUBCLASS>
               </SUBCLASSES>
          </VNSUBCLASS>
          <VNSUBCLASS ID="26.7-2">
               <MEMBERS>
                    <MEMBER name="confectionner"/>
                    <MEMBER name="constituer"/>
                    <MEMBER name="créer"/>
                    <MEMBER name="donner"/>
                    <MEMBER name="éditer"/>
                    <MEMBER name="élever"/>
                    <MEMBER name="fournir"/>
                    <MEMBER name="monter"/>
                    <MEMBER name="réaliser"/>
               </MEMBERS>
               <THEMROLES/>
               <FRAMES>
                    <FRAME>
                         <DESCRIPTION primary="NP V NP"/>
                         <EXAMPLES>
                              <EXAMPLE>Chopin a composé un oratorio</EXAMPLE>
                         </EXAMPLES>
                         <SYNTAX>
                              <NP value="Agent">
                                   <SYNRESTRS/>
                              </NP>
                              <VERB/>
                              <NP value="Theme">
                                   <SYNRESTRS/>
                              </NP>
                         </SYNTAX>
                         <SEMANTICS>not(exist(start(E), Theme)) exist(result(E), Theme) cause(Agent, E)</SEMANTICS>
                    </FRAME>
               </FRAMES>
               <SUBCLASSES>
                    <VNSUBCLASS ID="26.7-2-1">
                         <MEMBERS>
                              <MEMBER name="brosser"/>
                              <MEMBER name="composer"/>
                              <MEMBER name="dessiner"/>
                              <MEMBER name="écrire"/>
                              <MEMBER name="établir"/>
                              <MEMBER name="exécuter"/>
                              <MEMBER name="fabriquer"/>
                              <MEMBER name="faire"/>
                              <MEMBER name="inventer"/>
                              <MEMBER name="lever"/>
                              <MEMBER name="peindre"/>
                              <MEMBER name="produire"/>
                              <MEMBER name="tirer"/>
                              <MEMBER name="tracer"/>
                         </MEMBERS>
                         <THEMROLES/>
                         <FRAMES/>
                    </VNSUBCLASS>
               </SUBCLASSES>
          </VNSUBCLASS>
     </SUBCLASSES>
</VNCLASS>
