<?xml version="1.0" encoding="UTF-8"?>
<VNCLASS ID="pit-10.7">
     <MEMBERS>
          <MEMBER name="décorner"/>
          <MEMBER name="décortiquer"/>
          <MEMBER name="dénoyauter"/>
          <MEMBER name="dépouiller"/>
          <MEMBER name="désherber"/>
          <MEMBER name="désosser"/>
          <MEMBER name="détartrer"/>
          <MEMBER name="écaler"/>
          <MEMBER name="écimer"/>
          <MEMBER name="écorcer"/>
          <MEMBER name="égrapper"/>
          <MEMBER name="égrener"/>
          <MEMBER name="émonder"/>
          <MEMBER name="épépiner"/>
          <MEMBER name="éplucher"/>
          <MEMBER name="équeuter"/>
          <MEMBER name="étêter"/>
          <MEMBER name="peler"/>
     </MEMBERS>
     <THEMROLES>
          <THEMROLE selrestrs="[+animate]" type="Agent"/>
          <THEMROLE selrestrs="" type="Theme"/>
          <THEMROLE selrestrs="[+concrete]" type="Source"/>
     </THEMROLES>
     <FRAMES>
          <FRAME>
               <DESCRIPTION primary="NP V NP"/>
               <EXAMPLES>
                    <EXAMPLE>Le cuisinier a désossé le veau</EXAMPLE>
               </EXAMPLES>
               <SYNTAX>
                    <NP value="Agent">
                         <SYNRESTRS/>
                    </NP>
                    <VERB/>
                    <NP value="Source">
                         <SYNRESTRS/>
                    </NP>
               </SYNTAX>
               <SEMANTICS>cause(Agent, E) location(start(E), ?Theme, Source) not(location(end(E), ?Theme, Source))</SEMANTICS>
          </FRAME>
     </FRAMES>
     <SUBCLASSES>
          <VNSUBCLASS ID="10.7-1">
               <MEMBERS/>
               <THEMROLES/>
               <FRAMES>
                    <FRAME>
                         <DESCRIPTION primary="NP V NP PP.theme"/>
                         <EXAMPLES>
                              <EXAMPLE>Le cuisinier a étripé le veau de ses boyaux</EXAMPLE>
                         </EXAMPLES>
                         <SYNTAX>
                              <NP value="Agent">
                                   <SYNRESTRS/>
                              </NP>
                              <VERB/>
                              <NP value="Source">
                                   <SYNRESTRS/>
                              </NP>
                              <PREP>
                                   <SELRESTRS>
                                        <SELRESTR Value="de"/>
                                   </SELRESTRS>
                              </PREP>
                              <NP value="Theme">
                                   <SYNRESTRS/>
                              </NP>
                         </SYNTAX>
                         <SEMANTICS>cause(Agent, E) location(Start(E), Theme, Source) not(location(Start(E), Theme, Source)) </SEMANTICS>
                    </FRAME>
               </FRAMES>
          </VNSUBCLASS>
     </SUBCLASSES>
</VNCLASS>
