<?xml version="1.0" encoding="UTF-8"?>
<VNCLASS ID="preparing-26.3">
     <MEMBERS/>
     <THEMROLES>
          <THEMROLE type="Agent">
               <SELRESTRS logic="or">
                    <SELRESTR Value="+" type="machine"/>
                    <SELRESTR Value="+" type="animate"/>
               </SELRESTRS>
          </THEMROLE>
          <THEMROLE type="Beneficiary">
               <SELRESTR Value="+" type="animate"/>
          </THEMROLE>
     </THEMROLES>
     <FRAMES/>
     <SUBCLASSES>
          <VNSUBCLASS ID="26.3-1">
               <MEMBERS>
                    <MEMBER name="apprêter"/>
                    <MEMBER name="brasser"/>
                    <MEMBER name="confectionner"/>
                    <MEMBER name="couper"/>
                    <MEMBER name="créer"/>
                    <MEMBER name="cuisiner"/>
                    <MEMBER name="donner"/>
                    <MEMBER name="exécuter"/>
                    <MEMBER name="fabriquer"/>
                    <MEMBER name="faire"/>
                    <MEMBER name="imprimer"/>
                    <MEMBER name="mijoter"/>
                    <MEMBER name="préparer"/>
               </MEMBERS>
               <THEMROLES>
                    <THEMROLE type="Product">
                         <SELRESTR Value="+" type="concrete"/>
                    </THEMROLE>
               </THEMROLES>
               <FRAMES>
                    <FRAME>
                         <DESCRIPTION primary="NP V NP"/>
                         <EXAMPLES>
                              <EXAMPLE>Max a préparé un sandwich</EXAMPLE>
                         </EXAMPLES>
                         <SYNTAX>
                              <NP value="Agent">
                                   <SYNRESTRS/>
                              </NP>
                              <VERB/>
                              <NP value="Product">
                                   <SYNRESTRS/>
                              </NP>
                         </SYNTAX>
                         <SEMANTICS>not(exist(start(E), Product)) exist(result(E), Product) cause(Agent, E)</SEMANTICS>
                    </FRAME>
                    <FRAME>
                         <DESCRIPTION primary="NP V NP PP.beneficiary"/>
                         <EXAMPLES>
                              <EXAMPLE>Max a préparé un sandwich pour moi</EXAMPLE>
                         </EXAMPLES>
                         <SYNTAX>
                              <NP value="Agent">
                                   <SYNRESTRS/>
                              </NP>
                              <VERB/>
                              <NP value="Product">
                                   <SYNRESTRS/>
                              </NP>
                              <PREP>
                                   <SELRESTRS>
                                        <SELRESTR Value="pour"/>
                                   </SELRESTRS>
                              </PREP>
                              <NP value="Beneficiary">
                                   <SYNRESTRS/>
                              </NP>
                         </SYNTAX>
                         <SEMANTICS>not(exist(start(E), Product)) exist(result(E), Product) cause(Agent, E) benefit(E, Beneficiary)</SEMANTICS>
                    </FRAME>
                    <FRAME>
                         <DESCRIPTION primary="NP CL-lui V NP"/>
                         <EXAMPLES>
                              <EXAMPLE>Max lui a préparé un sandwich</EXAMPLE>
                         </EXAMPLES>
                         <SYNTAX>
                              <NP value="Agent">
                                   <SYNRESTRS/>
                              </NP>
                              <CLLUI/>
                              <VERB/>
                              <NP value="Product">
                                   <SYNRESTRS/>
                              </NP>
                         </SYNTAX>
                         <SEMANTICS>not(exist(start(E), Product)) exist(result(E), Product) cause(Agent, E) benefit(E, Beneficiary)</SEMANTICS>
                    </FRAME>
               </FRAMES>
          </VNSUBCLASS>
          <VNSUBCLASS ID="26.3-2">
               <MEMBERS>
                    <MEMBER name="brûler"/>
                    <MEMBER name="griller"/>
                    <MEMBER name="ravaler"/>
                    <MEMBER name="rebouter"/>
                    <MEMBER name="repasser"/>
               </MEMBERS>
               <THEMROLES>
                    <THEMROLE type="Patient">
                         <SELRESTR Value="+" type="concrete"/>
                    </THEMROLE>
               </THEMROLES>
               <FRAMES>
                    <FRAME>
                         <DESCRIPTION primary="NP V NP"/>
                         <EXAMPLES>
                              <EXAMPLE>Max a grillé des steaks</EXAMPLE>
                         </EXAMPLES>
                         <SYNTAX>
                              <NP value="Agent">
                                   <SYNRESTRS/>
                              </NP>
                              <VERB/>
                              <NP value="Patient">
                                   <SYNRESTRS/>
                              </NP>
                         </SYNTAX>
                         <SEMANTICS>not(state(start(E), Endstate, Patient)) state(result(E), Endstate, Patient) cause(Agent, E)</SEMANTICS>
                    </FRAME>
                    <FRAME>
                         <DESCRIPTION primary="NP V NP PP.beneficiary"/>
                         <EXAMPLES>
                              <EXAMPLE>Max a grillé des steaks pour Léa</EXAMPLE>
                         </EXAMPLES>
                         <SYNTAX>
                              <NP value="Agent">
                                   <SYNRESTRS/>
                              </NP>
                              <VERB/>
                              <NP value="Patient">
                                   <SYNRESTRS/>
                              </NP>
                              <PREP>
                                   <SELRESTRS>
                                        <SELRESTR Value="pour"/>
                                   </SELRESTRS>
                              </PREP>
                              <NP value="Beneficiary">
                                   <SYNRESTRS/>
                              </NP>
                         </SYNTAX>
                         <SEMANTICS>not(state(start(E), Endstate, Patient)) state(result(E), Endstate, Patient) cause(Agent, E) benefit(E, Beneficiary)</SEMANTICS>
                    </FRAME>
                    <FRAME>
                         <DESCRIPTION primary="NP CL-lui V NP"/>
                         <EXAMPLES>
                              <EXAMPLE>Max lui a grillé des steaks</EXAMPLE>
                         </EXAMPLES>
                         <SYNTAX>
                              <NP value="Agent">
                                   <SYNRESTRS/>
                              </NP>
                              <CLLUI/>
                              <VERB/>
                              <NP value="Patient">
                                   <SYNRESTRS/>
                              </NP>
                         </SYNTAX>
                         <SEMANTICS>not(state(start(E), Endstate, Patient)) state(result(E), Endstate, Patient) cause(Agent, E) benefit(E, Beneficiary)</SEMANTICS>
                    </FRAME>
               </FRAMES>
          </VNSUBCLASS>
     </SUBCLASSES>
</VNCLASS>
