<?xml version="1.0" encoding="UTF-8"?>
<VNCLASS ID="put-9.1">
     <MEMBERS>
          <MEMBER name="cacher"/>
          <MEMBER name="consigner"/>
          <MEMBER name="déposer"/>
          <MEMBER name="distribuer"/>
          <MEMBER name="encarter"/>
          <MEMBER name="enfouir"/>
          <MEMBER name="ensevelir"/>
          <MEMBER name="enterrer"/>
          <MEMBER name="établir"/>
          <MEMBER name="étendre"/>
          <MEMBER name="garer"/>
          <MEMBER name="implanter"/>
          <MEMBER name="inclure"/>
          <MEMBER name="incorporer"/>
          <MEMBER name="incruster"/>
          <MEMBER name="intercaler"/>
          <MEMBER name="jeter"/>
          <MEMBER name="laisser"/>
          <MEMBER name="lancer"/>
          <MEMBER name="noyer"/>
          <MEMBER name="parquer"/>
          <MEMBER name="planquer"/>
          <MEMBER name="positionner"/>
          <MEMBER name="serrer"/>
          <MEMBER name="stationner"/>
          <MEMBER name="verser"/>
          <MEMBER name="immerger"/>
          <MEMBER name="verber de tester"/>
     </MEMBERS>
     <THEMROLES>
          <THEMROLE type="Agent">
               <SELRESTR Value="+" type="animate"/>
          </THEMROLE>
          <THEMROLE type="Theme">
               <SELRESTR Value="+" type="concrete"/>
          </THEMROLE>
          <THEMROLE type="Destination">
               <SELRESTRS logic="and">
                    <SELRESTR Value="-" type="region"/>
                    <SELRESTR Value="+" type="location"/>
               </SELRESTRS>
          </THEMROLE>
     </THEMROLES>
     <FRAMES>
          <FRAME>
               <DESCRIPTION primary="NP V NP PP.destination"/>
               <EXAMPLES>
                    <EXAMPLE>Luc a posé des livres sur la table </EXAMPLE>
               </EXAMPLES>
               <SYNTAX>
                    <NP value="Agent">
                         <SYNRESTRS/>
                    </NP>
                    <VERB/>
                    <NP value="Theme">
                         <SYNRESTRS/>
                    </NP>
                    <PREP>
                         <SELRESTRS>
                              <SELRESTR Value="+" type="loc"/>
                         </SELRESTRS>
                    </PREP>
                    <NP value="Destination">
                         <SYNRESTRS/>
                    </NP>
               </SYNTAX>
               <SEMANTICS>motion(during(E), Theme) not(Prep(start(E), Theme, Destination)) Prep(end(E), Theme, Destination) cause(Agent, E)</SEMANTICS>
          </FRAME>
     </FRAMES>
     <SUBCLASSES>
          <VNSUBCLASS ID="9.1-2">
               <MEMBERS>
                    <MEMBER name="placer"/>
               </MEMBERS>
               <THEMROLES>
                    <THEMROLE type="Theme">
                         <SELRESTR Value="+" type="abstract"/>
                    </THEMROLE>
               </THEMROLES>
               <FRAMES>
                    <FRAME>
                         <DESCRIPTION primary="NP V PP.destination NP"/>
                         <EXAMPLES>
                              <EXAMPLE>Ils ont placé sur moi une grande responsabilité.</EXAMPLE>
                         </EXAMPLES>
                         <SYNTAX>
                              <NP value="Agent">
                                   <SYNRESTRS/>
                              </NP>
                              <VERB/>
                              <PREP>
                                   <SELRESTRS>
                                        <SELRESTR Value="sur"/>
                                   </SELRESTRS>
                              </PREP>
                              <NP value="Destination">
                                   <SYNRESTRS/>
                              </NP>
                              <NP value="Theme">
                                   <SYNRESTRS/>
                              </NP>
                         </SYNTAX>
                         <SEMANTICS>motion(during(E), Theme) not(Prep(start(E), Theme, Destination)) Prep(end(E), Theme, Destination) cause(Agent, E)</SEMANTICS>
                    </FRAME>
               </FRAMES>
          </VNSUBCLASS>
     </SUBCLASSES>
</VNCLASS>
