<?xml version="1.0" encoding="UTF-8"?>
<VNCLASS ID="remove-10.1">
     <MEMBERS>
          <MEMBER name="arracher"/>
          <MEMBER name="chasser"/>
          <MEMBER name="dégager"/>
          <MEMBER name="dégainer"/>
          <MEMBER name="déloger"/>
          <MEMBER name="déraciner"/>
          <MEMBER name="déterrer"/>
          <MEMBER name="distraire"/>
          <MEMBER name="éliminer"/>
          <MEMBER name="enlever"/>
          <MEMBER name="évacuer"/>
          <MEMBER name="exclure"/>
          <MEMBER name="extirper"/>
          <MEMBER name="extraire"/>
          <MEMBER name="lever"/>
          <MEMBER name="libérer"/>
          <MEMBER name="ôter"/>
          <MEMBER name="prélever"/>
          <MEMBER name="puiser"/>
          <MEMBER name="retirer"/>
          <MEMBER name="soustraire"/>
          <MEMBER name="soutirer"/>
          <MEMBER name="supprimer"/>
          <MEMBER name="tirer"/>
     </MEMBERS>
     <THEMROLES>
          <THEMROLE type="Agent">
               <SELRESTRS logic="or">
                    <SELRESTR Value="+" type="organization"/>
                    <SELRESTR Value="+" type="int_control"/>
               </SELRESTRS>
          </THEMROLE>
          <THEMROLE type="Theme"/>
          <THEMROLE type="Source">
               <SELRESTR Value="+" type="location"/>
          </THEMROLE>
     </THEMROLES>
     <FRAMES>
          <FRAME>
               <DESCRIPTION primary="NP V NP PP.source"/>
               <EXAMPLES>
                    <EXAMPLE>Luc a enlevé les dossiers du bureau.</EXAMPLE>
               </EXAMPLES>
               <SYNTAX>
                    <NP value="Agent">
                         <SYNRESTRS/>
                    </NP>
                    <VERB/>
                    <NP value="Theme">
                         <SYNRESTRS/>
                    </NP>
                    <PREP>
                         <SELRESTRS>
                              <SELRESTR Value="de"/>
                         </SELRESTRS>
                    </PREP>
                    <NP value="Source">
                         <SYNRESTRS/>
                    </NP>
               </SYNTAX>
               <SEMANTICS>cause(Agent, E) location(start(E), Theme, Source) not(location(end(E), Theme, Source))</SEMANTICS>
          </FRAME>
     </FRAMES>
</VNCLASS>
