<?xml version="1.0" encoding="UTF-8"?>
<VNCLASS ID="roll-51.3.1">
     <MEMBERS>
          <MEMBER name="dériver"/>
          <MEMBER name="glisser"/>
          <MEMBER name="tomber"/>
          <MEMBER name="voler"/>
          <MEMBER name="choir"/>
          <MEMBER name="chuter"/>
          <MEMBER name="avancer"/>
          <MEMBER name="balancer"/>
          <MEMBER name="basculer"/>
          <MEMBER name="bouger"/>
          <MEMBER name="dévier"/>
     </MEMBERS>
     <THEMROLES>
          <THEMROLE type="Theme">
               <SELRESTR Value="+" type="concrete"/>
          </THEMROLE>
          <THEMROLE type="Location">
               <SELRESTR Value="+" type="concrete"/>
          </THEMROLE>
     </THEMROLES>
     <FRAMES>
          <FRAME>
               <DESCRIPTION primary="NP.theme V"/>
               <EXAMPLES>
                    <EXAMPLE>La balle a roulé (vers + jusqu'à) la porte.</EXAMPLE>
               </EXAMPLES>
               <SYNTAX>Theme V {jusqu'à/vers} Location</SYNTAX>
               <SEMANTICS>motion(during(E), Theme) not(location(start(E), Theme, Location)) près-de-location(end(E), Theme, Location)</SEMANTICS>
          </FRAME>
     </FRAMES>
     <SUBCLASSES>
          <VNSUBCLASS ID="51.3.1-1">
               <MEMBERS>
                    <MEMBER name="baisser"/>
                    <MEMBER name="descendre"/>
                    <MEMBER name="rouler"/>
               </MEMBERS>
               <THEMROLES>
                    <THEMROLE type="Agent"/>
               </THEMROLES>
               <FRAMES>
                    <FRAME>
                         <DESCRIPTION primary="NP V NP.theme"/>
                         <EXAMPLES>
                              <EXAMPLE>Luc a roulé la balle (vers + jusqu'à) la porte.</EXAMPLE>
                         </EXAMPLES>
                         <SYNTAX>Agent V Theme {jusqu'à/vers} Location</SYNTAX>
                         <SEMANTICS>motion(during(E), Theme) cause(Agent, E) not(location(start(E), Theme, Location)) près-de-location(end(E), Theme, Location)</SEMANTICS>
                    </FRAME>
               </FRAMES>
          </VNSUBCLASS>
     </SUBCLASSES>
</VNCLASS>
