<?xml version="1.0" encoding="UTF-8"?>
<VNCLASS ID="spray-9.7">
     <MEMBERS>
          <MEMBER name="charger"/>
          <MEMBER name="piquer"/>
          <MEMBER name="planter"/>
          <MEMBER name="saupoudrer"/>
          <MEMBER name="semer"/>
          <MEMBER name="baguer"/>
          <MEMBER name="barbouiller"/>
          <MEMBER name="emmailloter"/>
          <MEMBER name="enfiler"/>
          <MEMBER name="infiltrer"/>
          <MEMBER name="pulvériser"/>
          <MEMBER name="tendre"/>
          <MEMBER name="vaporiser"/>
     </MEMBERS>
     <THEMROLES>
          <THEMROLE type="Agent">
               <SELRESTR Value="+" type="animate"/>
          </THEMROLE>
          <THEMROLE type="Theme"/>
          <THEMROLE type="Destination">
               <SELRESTRS logic="and">
                    <SELRESTR Value="-" type="region"/>
                    <SELRESTR Value="+" type="location"/>
               </SELRESTRS>
          </THEMROLE>
     </THEMROLES>
     <FRAMES>
          <FRAME>
               <DESCRIPTION primary="NP V NP PP.destination"/>
               <EXAMPLES>
                    <EXAMPLE>Jessica a chargé les colis sur le camion.</EXAMPLE>
               </EXAMPLES>
               <SYNTAX>
                    <NP value="Agent">
                         <SYNRESTRS/>
                    </NP>
                    <VERB/>
                    <NP value="Theme">
                         <SYNRESTRS/>
                    </NP>
                    <PREP>
                         <SELRESTRS>
                              <SELRESTR Value="+" type="loc"/>
                         </SELRESTRS>
                    </PREP>
                    <NP value="Destination">
                         <SYNRESTRS/>
                    </NP>
               </SYNTAX>
               <SEMANTICS>motion(during(E), Theme) not(Prep(start(E), Theme, Destination)) Prep(end(E), Theme, Destination) cause(Agent, E)</SEMANTICS>
          </FRAME>
          <FRAME>
               <DESCRIPTION primary="NP V NP.destination PP.theme"/>
               <EXAMPLES>
                    <EXAMPLE>Jessica a chargé le camion (avec des, de) caisses.</EXAMPLE>
               </EXAMPLES>
               <SYNTAX>
                    <NP value="Agent">
                         <SYNRESTRS/>
                    </NP>
                    <VERB/>
                    <NP value="Destination">
                         <SYNRESTRS/>
                    </NP>
                    <PREP>
                         <SELRESTRS>
                              <SELRESTR Value="avec/de"/>
                         </SELRESTRS>
                    </PREP>
                    <NP value="Theme">
                         <SYNRESTRS/>
                    </NP>
               </SYNTAX>
               <SEMANTICS>motion(during(E), Theme) not(location(start(E), Theme, Destination)) location(end(E), Theme, Destination) cause(Agent, E)</SEMANTICS>
          </FRAME>
     </FRAMES>
</VNCLASS>
