<?xml version="1.0" encoding="UTF-8"?>
<VNCLASS ID="stimulus_subject-30.4">
     <MEMBERS>
          <MEMBER name="embaumer"/>
          <MEMBER name="puer"/>
          <MEMBER name="renifler"/>
          <MEMBER name="sentir"/>
     </MEMBERS>
     <THEMROLES>
          <THEMROLE type="Stimulus"/>
     </THEMROLES>
     <FRAMES>
          <FRAME>
               <DESCRIPTION primary="NP V ADJ"/>
               <EXAMPLES>
                    <EXAMPLE>Cette soupe sent bon</EXAMPLE>
               </EXAMPLES>
               <SYNTAX>Stimulus V ADJ/ADV</SYNTAX>
               <SEMANTICS>Pred(during(E), Stimulus) perceive(during(E), ?Experiencer, Stimulus) in_reaction_to(E, Stimulus)</SEMANTICS>
          </FRAME>
          <FRAME>
               <DESCRIPTION primary="NP V NP"/>
               <EXAMPLES>
                    <EXAMPLE>Cette soupe sent l'ail</EXAMPLE>
               </EXAMPLES>
               <SYNTAX>
                    <NP value="Stimulus">
                         <SYNRESTRS/>
                    </NP>
                    <VERB/>
                    <NP value="Co-Stimulus">
                         <SYNRESTRS/>
                    </NP>
               </SYNTAX>
               <SEMANTICS/>
          </FRAME>
     </FRAMES>
</VNCLASS>
