<?xml version="1.0" encoding="UTF-8"?>
<VNCLASS ID="stop-55.4">
     <MEMBERS>
          <MEMBER name="achever"/>
          <MEMBER name="arrêter"/>
          <MEMBER name="cesser"/>
          <MEMBER name="finir"/>
          <MEMBER name="rester"/>
          <MEMBER name="sortir"/>
          <MEMBER name="stopper"/>
          <MEMBER name="terminer"/>
     </MEMBERS>
     <THEMROLES>
          <THEMROLE type="Agent">
               <SELRESTRS logic="or">
                    <SELRESTR Value="+" type="organization"/>
                    <SELRESTR Value="+" type="animate"/>
               </SELRESTRS>
          </THEMROLE>
          <THEMROLE type="Theme"/>
          <THEMROLE type="Instrument"/>
     </THEMROLES>
     <FRAMES>
          <FRAME>
               <DESCRIPTION primary="NP V de S_INF"/>
               <EXAMPLES>
                    <EXAMPLE>Jean a stoppé de faire des conneries</EXAMPLE>
               </EXAMPLES>
               <SYNTAX>Agent V de Theme&lt;+to_inf_rs&gt;</SYNTAX>
               <SEMANTICS>end(E, Theme) cause(Agent, E)</SEMANTICS>
          </FRAME>
          <FRAME>
               <DESCRIPTION primary="NP V NP.theme"/>
               <EXAMPLES>
                    <EXAMPLE>Jean a stoppé ses conneries</EXAMPLE>
               </EXAMPLES>
               <SYNTAX>
                    <NP value="Agent">
                         <SYNRESTRS/>
                    </NP>
                    <VERB/>
                    <NP value="Theme">
                         <SYNRESTRS/>
                    </NP>
               </SYNTAX>
               <SEMANTICS>end(E, Theme) cause(Agent, E)</SEMANTICS>
          </FRAME>
     </FRAMES>
     <SUBCLASSES>
          <VNSUBCLASS ID="55.4-2">
               <MEMBERS/>
               <THEMROLES/>
               <FRAMES>
                    <FRAME>
                         <DESCRIPTION primary="NP V PP.instrument"/>
                         <EXAMPLES>
                              <EXAMPLE>Son discours a fini par une plaisanterie</EXAMPLE>
                         </EXAMPLES>
                         <SYNTAX>
                              <NP value="Theme">
                                   <SYNRESTRS/>
                              </NP>
                              <VERB/>
                              <PREP>
                                   <SELRESTRS>
                                        <SELRESTR Value="par"/>
                                   </SELRESTRS>
                              </PREP>
                              <NP value="Instrument">
                                   <SYNRESTRS/>
                              </NP>
                         </SYNTAX>
                         <SEMANTICS>end(E, Theme) use(during(E), ?Agent, Instrument)</SEMANTICS>
                    </FRAME>
                    <FRAME>
                         <DESCRIPTION primary="NP V NP.theme PP.instrument"/>
                         <EXAMPLES>
                              <EXAMPLE>Jean a fini son discours par une plaisanterie</EXAMPLE>
                         </EXAMPLES>
                         <SYNTAX>
                              <NP value="Agent">
                                   <SYNRESTRS/>
                              </NP>
                              <VERB/>
                              <NP value="Theme">
                                   <SYNRESTRS/>
                              </NP>
                              <PREP>
                                   <SELRESTRS>
                                        <SELRESTR Value="par"/>
                                   </SELRESTRS>
                              </PREP>
                              <NP value="Instrument">
                                   <SYNRESTRS/>
                              </NP>
                         </SYNTAX>
                         <SEMANTICS>end(E, Theme) use(during(E), Agent, Instrument) cause(Agent, E)</SEMANTICS>
                    </FRAME>
               </FRAMES>
          </VNSUBCLASS>
     </SUBCLASSES>
</VNCLASS>
