<?xml version="1.0" encoding="UTF-8"?>
<VNCLASS ID="succeed-74">
     <MEMBERS/>
     <THEMROLES>
          <THEMROLE type="Agent">
               <SELRESTRS logic="or">
                    <SELRESTR Value="+" type="organization"/>
                    <SELRESTR Value="+" type="animate"/>
               </SELRESTRS>
          </THEMROLE>
          <THEMROLE type="Theme"/>
     </THEMROLES>
     <FRAMES/>
     <SUBCLASSES>
          <VNSUBCLASS ID="74-1">
               <MEMBERS/>
               <THEMROLES/>
               <FRAMES>
                    <FRAME>
                         <DESCRIPTION primary="NP V PP.theme"/>
                         <EXAMPLES>
                              <EXAMPLE>Luc a réussi à escalader la montagne</EXAMPLE>
                         </EXAMPLES>
                         <SYNTAX>Agent V {à|pour} Theme &lt;+V0-inf&gt;</SYNTAX>
                         <SEMANTICS>successful_in(E, Agent, Theme)</SEMANTICS>
                    </FRAME>
               </FRAMES>
          </VNSUBCLASS>
          <VNSUBCLASS ID="74-2">
               <MEMBERS/>
               <THEMROLES/>
               <FRAMES>
                    <FRAME>
                         <DESCRIPTION primary="NP V PP.theme"/>
                         <EXAMPLES>
                              <EXAMPLE>Max a échoué à l'examen</EXAMPLE>
                         </EXAMPLES>
                         <SYNTAX>Agent V {à} Theme &lt;-sentential&gt;</SYNTAX>
                         <SEMANTICS>not(successful_in(E, Agent, Theme))</SEMANTICS>
                    </FRAME>
                    <FRAME>
                         <DESCRIPTION primary="NP V à S_INF"/>
                         <EXAMPLES>
                              <EXAMPLE>Max a échoué à passer le test</EXAMPLE>
                         </EXAMPLES>
                         <SYNTAX>Agent V {à}  Theme &lt;V0-inf&gt;</SYNTAX>
                         <SEMANTICS>not(successful_in(E, Agent, Theme))</SEMANTICS>
                    </FRAME>
               </FRAMES>
          </VNSUBCLASS>
          <VNSUBCLASS ID="74-3">
               <MEMBERS>
                    <MEMBER name="louper"/>
                    <MEMBER name="manquer"/>
                    <MEMBER name="rater"/>
               </MEMBERS>
               <THEMROLES/>
               <FRAMES>
                    <FRAME>
                         <DESCRIPTION primary="NP V NP.theme"/>
                         <EXAMPLES>
                              <EXAMPLE>Luc a raté son examen</EXAMPLE>
                         </EXAMPLES>
                         <SYNTAX>
                              <NP value="Agent">
                                   <SYNRESTRS/>
                              </NP>
                              <VERB/>
                              <NP value="Theme">
                                   <SYNRESTRS/>
                              </NP>
                         </SYNTAX>
                         <SEMANTICS>not(successful_in(E, Agent, Theme))</SEMANTICS>
                    </FRAME>
               </FRAMES>
          </VNSUBCLASS>
     </SUBCLASSES>
</VNCLASS>
