<?xml version="1.0" encoding="UTF-8"?>
<VNCLASS ID="sustain-55.6">
     <MEMBERS>
          <MEMBER name="animer"/>
          <MEMBER name="continuer"/>
          <MEMBER name="élever"/>
          <MEMBER name="entretenir"/>
          <MEMBER name="garder"/>
          <MEMBER name="maintenir"/>
          <MEMBER name="pérenniser"/>
          <MEMBER name="porter"/>
          <MEMBER name="presser"/>
          <MEMBER name="prolonger"/>
          <MEMBER name="reprendre"/>
          <MEMBER name="retenir"/>
          <MEMBER name="soigner"/>
     </MEMBERS>
     <THEMROLES>
          <THEMROLE type="Agent">
               <SELRESTRS logic="or">
                    <SELRESTR Value="+" type="organization"/>
                    <SELRESTR Value="+" type="animate"/>
               </SELRESTRS>
          </THEMROLE>
          <THEMROLE type="Theme"/>
     </THEMROLES>
     <FRAMES>
          <FRAME>
               <DESCRIPTION primary="NP V NP"/>
               <EXAMPLES>
                    <EXAMPLE>Luc a prolongé la discussion</EXAMPLE>
               </EXAMPLES>
               <SYNTAX>
                    <NP value="Agent">
                         <SYNRESTRS/>
                    </NP>
                    <VERB/>
                    <NP value="Theme">
                         <SYNRESTRS/>
                    </NP>
               </SYNTAX>
               <SEMANTICS>continue(during(E), Agent, Theme)</SEMANTICS>
          </FRAME>
     </FRAMES>
</VNCLASS>
