<?xml version="1.0" encoding="UTF-8"?>
<VNCLASS ID="swarm-47.5.1">
     <MEMBERS>
          <MEMBER name="foisonner"/>
          <MEMBER name="abonder"/>
          <MEMBER name="regorger"/>
     </MEMBERS>
     <THEMROLES>
          <THEMROLE type="Theme">
               <SELRESTRS logic="and">
                    <SELRESTR Value="+" type="plural"/>
                    <SELRESTR Value="+" type="concrete"/>
               </SELRESTRS>
          </THEMROLE>
          <THEMROLE type="Location">
               <SELRESTRS logic="and">
                    <SELRESTR Value="-" type="region"/>
                    <SELRESTR Value="+" type="location"/>
               </SELRESTRS>
          </THEMROLE>
     </THEMROLES>
     <FRAMES/>
     <SUBCLASSES>
          <VNSUBCLASS ID="47.5.1-1">
               <MEMBERS>
                    <MEMBER name="fourmiller"/>
                    <MEMBER name="grouiller"/>
                    <MEMBER name="pulluler"/>
                    <MEMBER name="rouler"/>
               </MEMBERS>
               <THEMROLES/>
               <FRAMES>
                    <FRAME>
                         <DESCRIPTION primary="NP V PP.location"/>
                         <EXAMPLES>
                              <EXAMPLE>Des abeilles grouillent dans le jardin</EXAMPLE>
                         </EXAMPLES>
                         <SYNTAX>
                              <NP value="Theme">
                                   <SYNRESTRS/>
                              </NP>
                              <VERB/>
                              <PREP>
                                   <SELRESTRS>
                                        <SELRESTR Value="+" type="loc"/>
                                   </SELRESTRS>
                              </PREP>
                              <NP value="Location">
                                   <SYNRESTRS/>
                              </NP>
                         </SYNTAX>
                         <SEMANTICS>exist(during(E), Theme) Prep(during(E), Theme, Location) motion(during(E), Theme)</SEMANTICS>
                    </FRAME>
                    <FRAME>
                         <DESCRIPTION primary="PP.location V PP.theme"/>
                         <EXAMPLES>
                              <EXAMPLE>Le jardin grouille d'abeilles</EXAMPLE>
                         </EXAMPLES>
                         <SYNTAX>
                              <NP value="Location">
                                   <SYNRESTRS/>
                              </NP>
                              <VERB/>
                              <PREP>
                                   <SELRESTRS>
                                        <SELRESTR Value="de"/>
                                   </SELRESTRS>
                              </PREP>
                              <NP value="Theme">
                                   <SYNRESTRS/>
                              </NP>
                         </SYNTAX>
                         <SEMANTICS>exist(during(E), Theme) location(during(E), Theme, Location) motion(during(E), Theme)</SEMANTICS>
                    </FRAME>
               </FRAMES>
          </VNSUBCLASS>
     </SUBCLASSES>
</VNCLASS>
