<?xml version="1.0" encoding="UTF-8"?>
<VNCLASS ID="throw-17.1">
     <MEMBERS>
          <MEMBER name="balancer"/>
          <MEMBER name="drainer"/>
          <MEMBER name="lancer"/>
          <MEMBER name="tirer"/>
          <MEMBER name="amener"/>
          <MEMBER name="ballotter"/>
          <MEMBER name="basculer"/>
          <MEMBER name="catapulter"/>
          <MEMBER name="hisser"/>
          <MEMBER name="jeter"/>
          <MEMBER name="pousser"/>
          <MEMBER name="précipiter"/>
          <MEMBER name="projeter"/>
          <MEMBER name="reculer"/>
          <MEMBER name="plonger"/>
     </MEMBERS>
     <THEMROLES>
          <THEMROLE type="Agent">
               <SELRESTR Value="+" type="int_control"/>
          </THEMROLE>
          <THEMROLE type="Theme">
               <SELRESTR Value="+" type="concrete"/>
          </THEMROLE>
          <THEMROLE type="Initial_Location">
               <SELRESTR Value="+" type="location"/>
          </THEMROLE>
          <THEMROLE type="Destination">
               <SELRESTRS logic="or">
                    <SELRESTRS logic="and">
                         <SELRESTR Value="-" type="region"/>
                         <SELRESTR Value="+" type="location"/>
                    </SELRESTRS>
                    <SELRESTR Value="+" type="animate"/>
               </SELRESTRS>
          </THEMROLE>
     </THEMROLES>
     <FRAMES>
          <FRAME>
               <DESCRIPTION primary="NP V NP PP.destination"/>
               <EXAMPLES>
                    <EXAMPLE>Luc a lancé la botte dans le camion.</EXAMPLE>
               </EXAMPLES>
               <SYNTAX>
                    <NP value="Agent">
                         <SYNRESTRS/>
                    </NP>
                    <VERB/>
                    <NP value="Theme">
                         <SYNRESTRS/>
                    </NP>
                    <PREP>
                         <SELRESTRS>
                              <SELRESTR Value="+" type="dest"/>
                         </SELRESTRS>
                    </PREP>
                    <NP value="Destination">
                         <SYNRESTRS/>
                    </NP>
               </SYNTAX>
               <SEMANTICS>exert_force(during(E0), Agent, Theme) contact(end(E0), Agent, Theme) motion(during(E1), Theme) not(contact(during(E1), Agent, Theme)) not(location(start(E1), Theme, Destination)) location(end(E1), Theme, Destination) cause(Agent, E1) meets(E0, E1)</SEMANTICS>
          </FRAME>
          <FRAME>
               <DESCRIPTION primary="NP V NP PP.initial_location"/>
               <EXAMPLES>
                    <EXAMPLE>Luc a lancé la botte du grenier.</EXAMPLE>
               </EXAMPLES>
               <SYNTAX>
                    <NP value="Agent">
                         <SYNRESTRS/>
                    </NP>
                    <VERB/>
                    <NP value="Theme">
                         <SYNRESTRS/>
                    </NP>
                    <PREP>
                         <SELRESTRS>
                              <SELRESTR Value="+" type="src"/>
                         </SELRESTRS>
                    </PREP>
                    <NP value="Initial_Location">
                         <SYNRESTRS/>
                    </NP>
               </SYNTAX>
               <SEMANTICS>exert_force(during(E0), Agent, Theme) contact(end(E0), Agent, Theme) motion(during(E1), Theme) not(contact(during(E1), Agent, Theme)) location(start(E1), Theme, Initial_Location) cause(Agent, E1) meets(E0, E1)</SEMANTICS>
          </FRAME>
          <FRAME>
               <DESCRIPTION primary="NP V NP PP.initial_location PP.destination"/>
               <EXAMPLES>
                    <EXAMPLE>Luc a lancé la botte du grenier dans le camion.</EXAMPLE>
               </EXAMPLES>
               <SYNTAX>
                    <NP value="Agent">
                         <SYNRESTRS/>
                    </NP>
                    <VERB/>
                    <NP value="Theme">
                         <SYNRESTRS/>
                    </NP>
                    <PREP>
                         <SELRESTRS>
                              <SELRESTR Value="+" type="src"/>
                         </SELRESTRS>
                    </PREP>
                    <NP value="Initial_Location">
                         <SYNRESTRS/>
                    </NP>
                    <PREP>
                         <SELRESTRS>
                              <SELRESTR Value="+" type="dest_dir"/>
                         </SELRESTRS>
                    </PREP>
                    <NP value="Destination">
                         <SYNRESTRS/>
                    </NP>
               </SYNTAX>
               <SEMANTICS>exert_force(during(E0), Agent, Theme) contact(end(E0), Agent, Theme) motion(during(E1), Theme) not(contact(during(E1), Agent, Theme)) location(start(E1), Theme, Initial_Location) location(end(E1), Theme, Destination) cause(Agent, E1) meets(E0, E1)</SEMANTICS>
          </FRAME>
     </FRAMES>
     <SUBCLASSES>
          <VNSUBCLASS ID="17.1-1">
               <MEMBERS/>
               <THEMROLES>
                    <THEMROLE type="Destination">
                         <SELRESTR Value="+" type="animate"/>
                    </THEMROLE>
               </THEMROLES>
               <FRAMES>
                    <FRAME>
                         <DESCRIPTION primary="NP V NP PP.destination"/>
                         <EXAMPLES>
                              <EXAMPLE>Luc a lancé la botte à Ida</EXAMPLE>
                         </EXAMPLES>
                         <SYNTAX>
                              <NP value="Agent">
                                   <SYNRESTRS/>
                              </NP>
                              <VERB/>
                              <NP value="Theme">
                                   <SYNRESTRS/>
                              </NP>
                              <PREP>
                                   <SELRESTRS>
                                        <SELRESTR Value="à"/>
                                   </SELRESTRS>
                              </PREP>
                              <NP value="Destination">
                                   <SYNRESTRS/>
                              </NP>
                         </SYNTAX>
                         <SEMANTICS>exert_force(during(E0), Agent, Theme) contact(end(E0), Agent, Theme) motion(during(E1), Theme) not(contact(during(E1), Agent, Theme)) not(location(start(E1), Theme, Destination)) location(end(E1), Theme, Destination) cause(Agent, E1) meets(E0, E1)</SEMANTICS>
                    </FRAME>
               </FRAMES>
               <SUBCLASSES>
                    <VNSUBCLASS ID="17.1-1-1">
                         <MEMBERS/>
                         <THEMROLES>
                              <THEMROLE type="Cause"/>
                              <THEMROLE type="Result"/>
                         </THEMROLES>
                         <FRAMES>
                              <FRAME>
                                   <DESCRIPTION primary="NP V NP PP.result"/>
                                   <EXAMPLES>
                                        <EXAMPLE>Cette nouvelle a jeté le départment dans le chaos</EXAMPLE>
                                   </EXAMPLES>
                                   <SYNTAX>
                                        <NP value="Cause">
                                             <SYNRESTRS/>
                                        </NP>
                                        <VERB/>
                                        <NP value="Theme">
                                             <SYNRESTRS/>
                                        </NP>
                                        <PREP>
                                             <SELRESTRS>
                                                  <SELRESTR Value="dans"/>
                                             </SELRESTRS>
                                        </PREP>
                                        <NP value="Result">
                                             <SYNRESTRS/>
                                        </NP>
                                   </SYNTAX>
                                   <SEMANTICS/>
                              </FRAME>
                         </FRAMES>
                    </VNSUBCLASS>
               </SUBCLASSES>
          </VNSUBCLASS>
     </SUBCLASSES>
</VNCLASS>
