<?xml version="1.0" encoding="UTF-8"?>
<VNCLASS ID="transcribe-25.4">
     <MEMBERS>
          <MEMBER name="copier"/>
          <MEMBER name="enregistrer"/>
          <MEMBER name="établir"/>
          <MEMBER name="reproduire"/>
          <MEMBER name="transcrire"/>
     </MEMBERS>
     <THEMROLES>
          <THEMROLE type="Agent">
               <SELRESTR Value="+" type="animate"/>
          </THEMROLE>
          <THEMROLE type="Theme"/>
          <THEMROLE type="Destination">
               <SELRESTR Value="+" type="concrete"/>
          </THEMROLE>
     </THEMROLES>
     <FRAMES>
          <FRAME>
               <DESCRIPTION primary="NP V NP"/>
               <EXAMPLES>
                    <EXAMPLE>Max a transcrit le discours.</EXAMPLE>
               </EXAMPLES>
               <SYNTAX>
                    <NP value="Agent">
                         <SYNRESTRS/>
                    </NP>
                    <VERB/>
                    <NP value="Theme">
                         <SYNRESTRS/>
                    </NP>
               </SYNTAX>
               <SEMANTICS>created_image(result(E), Theme) location(end(E), Theme, ?Destination) cause(Agent, E)</SEMANTICS>
          </FRAME>
          <FRAME>
               <DESCRIPTION primary="NP V NP PP.destination"/>
               <EXAMPLES>
                    <EXAMPLE>Luc a copié un fichier sur sa clef USB.</EXAMPLE>
               </EXAMPLES>
               <SYNTAX>Agent V Theme {{Loc-dest}} Destination</SYNTAX>
               <SEMANTICS>created_image(result(E), Theme) Prep(end(E), Theme, Destination) cause(Agent, E)</SEMANTICS>
          </FRAME>
     </FRAMES>
</VNCLASS>
